-- phpMyAdmin SQL Dump
-- version 3.5.8.2
-- http://www.phpmyadmin.net
--
-- Host: sql210.eb2a.com
-- Generation Time: Mar 31, 2019 at 01:41 AM
-- Server version: 5.6.41-84.1
-- PHP Version: 5.3.3

SET SQL_MODE="NO_AUTO_VALUE_ON_ZERO";
SET time_zone = "+00:00";


/*!40101 SET @OLD_CHARACTER_SET_CLIENT=@@CHARACTER_SET_CLIENT */;
/*!40101 SET @OLD_CHARACTER_SET_RESULTS=@@CHARACTER_SET_RESULTS */;
/*!40101 SET @OLD_COLLATION_CONNECTION=@@COLLATION_CONNECTION */;
/*!40101 SET NAMES utf8 */;

--
-- Database: `eb2a_23541458_ai_shopping`
--

-- --------------------------------------------------------

--
-- Table structure for table `cardinfo`
--

CREATE TABLE IF NOT EXISTS `cardinfo` (
  `cardname` varchar(255) NOT NULL,
  `cardnumber` varchar(255) NOT NULL,
  `cvv` varchar(10) NOT NULL,
  `expmonth` varchar(100) NOT NULL,
  `expyear` varchar(100) NOT NULL
) ENGINE=MyISAM DEFAULT CHARSET=utf8;

--
-- Dumping data for table `cardinfo`
--

INSERT INTO `cardinfo` (`cardname`, `cardnumber`, `cvv`, `expmonth`, `expyear`) VALUES
('Huda', '123669855', '222', '03', '17');

-- --------------------------------------------------------

--
-- Table structure for table `comment`
--

CREATE TABLE IF NOT EXISTS `comment` (
  `user_id` varchar(11) CHARACTER SET utf8 NOT NULL,
  `Email` text CHARACTER SET utf8 NOT NULL,
  `comment` text CHARACTER SET utf8 NOT NULL
) ENGINE=MyISAM DEFAULT CHARSET=latin1;

--
-- Dumping data for table `comment`
--

INSERT INTO `comment` (`user_id`, `Email`, `comment`) VALUES
('', 'hd82012@gmail.com', '122'),
('', 'ccs3c1@gmail.com', 'aaaa');

-- --------------------------------------------------------

--
-- Table structure for table `discount`
--

CREATE TABLE IF NOT EXISTS `discount` (
  `discountID` int(30) NOT NULL AUTO_INCREMENT,
  `typeID` int(30) NOT NULL,
  `catID` int(30) NOT NULL,
  `subcatID` int(30) NOT NULL,
  `SsubID` int(30) NOT NULL,
  `Title` varchar(255) NOT NULL,
  `Price` int(11) NOT NULL,
  `description` text NOT NULL,
  `img` varchar(255) NOT NULL,
  `available_quantity` int(11) NOT NULL,
  `model` varchar(100) NOT NULL,
  `color` varchar(100) NOT NULL,
  `size` varchar(100) NOT NULL,
  `material` varchar(100) NOT NULL,
  `date` date NOT NULL,
  PRIMARY KEY (`discountID`)
) ENGINE=MyISAM  DEFAULT CHARSET=utf8 AUTO_INCREMENT=6 ;

--
-- Dumping data for table `discount`
--

INSERT INTO `discount` (`discountID`, `typeID`, `catID`, `subcatID`, `SsubID`, `Title`, `Price`, `description`, `img`, `available_quantity`, `model`, `color`, `size`, `material`, `date`) VALUES
(2, 1, 1, 1, 12, 'Black and yellow Dress', 120, 'Black and yellow Dress - long sleeves,Midi Dress Up.', 'images/dress6.jpg', 10, '', '', '', '', '2019-02-01'),
(3, 1, 1, 1, 7, 'Black Dress', 160, 'Black Dress - long sleeve.', 'images/dress1.jpg', 10, '2019', 'Black', 'M', '', '2019-01-15'),
(4, 3, 1, 1, 16, 'Pink short dress', 150, 'Pink short dress - sleeveless.', 'images/dress10.jpg', 12, '', '', '', '', '2018-12-01'),
(5, 3, 3, 13, 58, 'Boots black', 153, 'Boots black', 'images/Boots black.JPG', 10, '', '', '', '', '2019-02-07');

-- --------------------------------------------------------

--
-- Table structure for table `main category`
--

CREATE TABLE IF NOT EXISTS `main category` (
  `cat_id` int(30) NOT NULL AUTO_INCREMENT,
  `category` varchar(100) CHARACTER SET latin1 NOT NULL,
  PRIMARY KEY (`cat_id`)
) ENGINE=MyISAM  DEFAULT CHARSET=utf8 AUTO_INCREMENT=6 ;

--
-- Dumping data for table `main category`
--

INSERT INTO `main category` (`cat_id`, `category`) VALUES
(1, 'Clothes'),
(2, 'Accessories'),
(3, 'Shoes'),
(4, 'Bags'),
(5, 'Fragrances');

-- --------------------------------------------------------

--
-- Table structure for table `orders`
--

CREATE TABLE IF NOT EXISTS `orders` (
  `User_ID` int(11) DEFAULT NULL,
  `Order_ID` varchar(50) CHARACTER SET utf8mb4 NOT NULL,
  `product` varchar(50) CHARACTER SET utf8mb4 NOT NULL,
  `quantity` int(11) NOT NULL,
  `price` int(11) NOT NULL
) ENGINE=MyISAM DEFAULT CHARSET=utf8;

-- --------------------------------------------------------

--
-- Table structure for table `shopping`
--

CREATE TABLE IF NOT EXISTS `shopping` (
  `User_ID` varchar(100) DEFAULT NULL,
  `product` varchar(255) NOT NULL,
  `quantity` int(11) NOT NULL,
  `size` varchar(225) NOT NULL,
  `color` varchar(225) NOT NULL,
  `price` int(11) NOT NULL,
  `Order_id` varchar(100) NOT NULL,
  `date` date NOT NULL,
  `shoping_order` int(11) NOT NULL AUTO_INCREMENT,
  PRIMARY KEY (`shoping_order`)
) ENGINE=MyISAM  DEFAULT CHARSET=utf8 AUTO_INCREMENT=145 ;

--
-- Dumping data for table `shopping`
--

INSERT INTO `shopping` (`User_ID`, `product`, `quantity`, `size`, `color`, `price`, `Order_id`, `date`, `shoping_order`) VALUES
('Ahlam', 'Bella Earrings', 1, 'OS', 'golden rose', 700, 'OR642235', '2019-03-04', 1),
('Ahlam', 'Red Dress', 1, 'M', 'red', 700, 'OR642235', '2019-03-04', 2),
('Ahlam', 'Dark red Dress', 1, 'M', 'red', 700, 'OR642235', '2019-03-04', 3),
('Ahlam', 'Bella Earrings', 1, 'OS', 'golden rose', 3850, 'OR532262', '2019-03-04', 4),
('Ahlam', 'Red Dress', 1, 'M', 'red', 3850, 'OR532262', '2019-03-04', 5),
('Ahlam', 'Dark red Dress', 1, 'M', 'red', 3850, 'OR532262', '2019-03-04', 6),
('Ahlam', 'MICHAEL KORS BAG', 1, 'M', 'red', 3850, 'OR532262', '2019-03-04', 7),
('Ahlam', 'Bella Earrings', 1, 'OS', 'golden rose', 3850, 'OR532262', '2019-03-04', 8),
('Ahlam', 'Red Dress', 1, 'L', 'red', 3850, 'OR532262', '2019-03-04', 9),
('Ahlam', 'Dark red Dress', 1, 'L', 'red', 3850, 'OR532262', '2019-03-04', 10),
('Ahlam', 'MICHAEL KORS BAG', 1, 'S', 'red', 3850, 'OR532262', '2019-03-04', 11),
('Ahlam', 'TED BAKER BAG', 1, 'M', 'black', 350, 'OR515461', '2019-03-04', 12),
('Ahlam', 'White Patterned Dress', 1, 'S', 'white', 350, 'OR515461', '2019-03-04', 13),
('HudaD', 'KATE SPADE BAG ', 1, 'M', 'black', 1106, 'OR634553', '2019-03-06', 14),
('noni', 'Black Dress', 1, 'M', 'Black', 450, 'OR643443', '2019-03-18', 122),
('nnn', 'Red Skirts', 1, 'S', 'red ', 200, 'OR124424', '2019-03-18', 121),
('Buthina96', 'KATE SPADE BAG ', 1, 'S', 'black', 1406, 'OR354113', '2019-03-10', 18),
('Buthina96', 'Pink short dress', 1, 'XS', 'pink', 1406, 'OR354113', '2019-03-10', 19),
('AmaniAlhussaini', 'Black Dress', 1, 'M', 'Black', 800, 'OR351523', '2019-03-10', 20),
('AmaniAlhussaini', 'Black and yellow Dress', 1, 'M', 'black', 800, 'OR351523', '2019-03-10', 21),
('AmaniAlhussaini', 'Black and pink ', 1, 'M', 'Black and pink', 800, 'OR351523', '2019-03-10', 22),
('AmaniAlhussaini', 'Midi Dress Up', 1, 'M', 'black', 800, 'OR351523', '2019-03-10', 23),
('nnn', 'red skirt', 1, 'XS', 'red', 200, 'OR336611', '2019-03-18', 120),
('Ebtihal899', 'Red Dress', 1, 'XS', 'Red', 300, 'OR153665', '2019-03-10', 25),
('nnn', 'FURLA BAG', 1, 'S', 'black', 1160, 'OR641642', '2019-03-18', 119),
('nnn', 'TED BAKER BAG', 1, 'M', 'black', 200, 'OR561612', '2019-03-18', 118),
('nn22', 'Round bar sunglasses', 1, 'OS', 'Black ', 130, 'OR554516', '2019-03-18', 117),
('MuniraAbdul', 'MICHAEL KORS BAG', 1, 'S', 'red', 1275, 'OR134154', '2019-03-10', 31),
('nn22', 'sunglasses', 1, 'OS', 'brown', 100, 'OR665653', '2019-03-18', 116),
('', 'Dark Blue Dress', 1, 'L', 'Blue', 200, 'OR354623', '2019-03-18', 115),
('Bushra', 'Red watch ', 1, 'OS', 'Red', 95, 'OR134411', '2019-03-16', 114),
('Bushra', 'MICHAEL KORS BAG', 1, 'S', 'red', 2370, 'OR312563', '2019-03-16', 113),
('Bushra', 'betty boop T-shirt', 1, 'XS', 'Red', 2370, 'OR312563', '2019-03-16', 112),
('Bushra', 'Red Dress', 1, 'XS', 'Red', 2370, 'OR312563', '2019-03-16', 111),
('Bushra', 'Striped Top', 1, 'S', 'red', 2370, 'OR312563', '2019-03-16', 110),
('Ruba', 'Dark red Dress', 1, 'XS', 'Dark red', 600, 'OR663152', '2019-03-10', 42),
('Ruba', 'Red Dress', 1, 'XS', 'Red', 600, 'OR663152', '2019-03-10', 43),
('Bushra', 'Burgundy Top\r\n', 1, 'S', 'red', 2370, 'OR312563', '2019-03-16', 109),
('Haya1415214', 'Dark Red Skirt', 1, 'OS', 'red', 200, 'OR265465', '2019-03-10', 47),
('Bushra', 'Coco pump', 1, '35', 'Black-Pale Pink', 2370, 'OR312563', '2019-03-16', 108),
('SaraAziz', 'Colette Pump', 1, '38', 'green', 490, 'OR631455', '2019-03-10', 49),
('SaraAziz', 'Cross over sandals', 1, '37', 'pink', 490, 'OR631455', '2019-03-10', 50),
('SaraAziz', 'Flat shoes', 1, '39', 'red', 490, 'OR631455', '2019-03-10', 51),
('ÙØ§ÙŠØ²Ø©', 'Sport watch', 1, 'OS', 'silver', 100, 'OR344414', '2019-03-10', 52),
('Bushra', 'Jazimn pump', 1, '37', 'Blue', 2370, 'OR312563', '2019-03-16', 107),
('ShathaAbdulaziz', 'kids sunglasses', 1, 'OS', 'black', 320, 'OR351256', '2019-03-10', 56),
('ShathaAbdulaziz', 'Kids 3 pack words bracelets', 1, 'OS', 'Pink ', 320, 'OR351256', '2019-03-10', 57),
('ShathaAbdulaziz', 'Kids 3 pack hair ties', 1, 'OS', 'Multicolor', 320, 'OR351256', '2019-03-10', 58),
('ShathaAbdulaziz', 'kids 6 pack flower ', 2, 'OS', 'Multicolor', 320, 'OR351256', '2019-03-10', 59),
('Bushra', 'Colette Pump', 1, '37', 'green', 2370, 'OR312563', '2019-03-16', 106),
('Hand11', 'ANYA HINDMARCH BAG', 1, 'S', 'black', 1830, 'OR535616', '2019-03-13', 105),
('Hand11', 'Yellow short dress', 1, 'XS', 'yellow', 1830, 'OR535616', '2019-03-13', 104),
('Anoud aleid', 'long dress', 1, 'S', 'red', 920, 'OR141646', '2019-03-10', 65),
('Anoud aleid', 'Long white dress', 1, 'L', 'white', 920, 'OR141646', '2019-03-10', 66),
('Anoud aleid', 'Yellow short dress', 1, 'S', 'yellow', 920, 'OR141646', '2019-03-10', 67),
('Anoud aleid', 'betty boop T-shirt', 1, 'S', 'Red', 920, 'OR141646', '2019-03-10', 68),
('Anoud aleid', 'T-shirt white and yellow ', 1, 'OS', 'White ', 920, 'OR141646', '2019-03-10', 69),
('AnoudAli', 'Jazimn pump', 1, '39', 'Blue', 620, '', '2019-03-10', 70),
('AnoudAli', 'Colette Pump', 1, '39', 'green', 620, '', '2019-03-10', 71),
('AnoudAli', 'Gray bag', 1, 'OS', 'gray', 620, '', '2019-03-10', 72),
('Arwa ', 'Red Dress', 1, 'XS', 'Red', 300, 'OR456241', '2019-03-10', 73),
('Reemaziz', 'TED BAKER BAG', 1, 'M', 'black', 599, 'OR622132', '2019-03-13', 103),
('Reemaziz', 'Top', 2, 'OS', 'green', 599, 'OR622132', '2019-03-13', 102),
('Abeer', 'kids sequin', 1, 'OS', 'red', 415, 'OR324325', '2019-03-10', 77),
('Abeer', 'kids slogan scarf', 1, 'OS', 'pink', 415, 'OR324325', '2019-03-10', 78),
('Abeer', 'kids 2 pack bow hair ', 1, 'OS', 'Pink - blue', 415, 'OR324325', '2019-03-10', 79),
('Abeer', 'Under Armour', 1, 'OS', 'Pink ', 415, 'OR324325', '2019-03-10', 80),
('Maryam', 'Coats', 1, 'L', 'Beige', 81, 'OR431523', '2019-03-10', 81),
('Maryam', 'T-shirtPink ', 1, 'OS', 'pink', 81, 'OR431523', '2019-03-10', 82),
('HudaD', 'TED BAKER BAG', 1, 'M', 'black', 200, 'OR612512', '2019-03-10', 83),
('HudaD', 'TED BAKER BAG', 1, 'M', 'black', 200, 'OR612512', '2019-03-10', 84),
('HudaD', 'Red Dress', 1, 'XS', 'Red', 300, 'OR555545', '2019-03-10', 86),
('HudaD', 'wedge sandal  ', 1, '39', 'Blue', 790, 'OR314226', '2019-03-10', 87),
('HudaD', 'MOSCHINO BAG', 1, 'S', 'pink', 371, 'OR115563', '2019-03-10', 88),
('Reemaziz', 'lace top sleeve', 1, 'S', 'blue', 599, 'OR622132', '2019-03-13', 101),
('Mahasakeh', 'Red Dress', 1, 'M', 'Red', 300, 'OR251656', '2019-03-12', 100),
('HudaD', 'Shirts', 1, 'S', 'pink', 215, 'OR642362', '2019-03-25', 127),
('HudaD', 'Black watch ', 1, 'OS', 'Black ', 215, 'OR642362', '2019-03-25', 128),
('Malakfx', 'Red Dress', 1, 'XS', 'Red', 300, 'OR421334', '2019-03-11', 95),
('Malakfx', 'Red Dress', 1, 'XS', 'Red', 671, 'OR213546', '2019-03-11', 96),
('Malakfx', 'MOSCHINO BAG', 1, 'S', 'pink', 671, 'OR213546', '2019-03-11', 97),
('noni', 'Black Midi Dress Up', 1, 'M', 'black', 450, 'OR643443', '2019-03-18', 123),
('noni', 'Midi Dress Up', 1, 'M', 'black', 200, 'OR555653', '2019-03-18', 124),
('norah', 'Jackets', 1, 'M', 'pink', 308, 'OR111454', '2019-03-18', 125),
('norah', 'Jackets', 1, 'S', 'pink', 308, 'OR111454', '2019-03-18', 126),
('HudaD', 'Jewel stone hair grips', 1, 'OS', 'gold', 300, 'OR226634', '2019-03-25', 132),
('HudaD', 'Dark Red Skirt', 1, 'OS', 'red', 300, 'OR226634', '2019-03-25', 131),
('Huda', 'Pink backpack', 1, 'S', 'pink', 349, 'OR613245', '2019-03-23', 133),
('Huda', 'long coat ', 1, 'XS', 'Black', 349, 'OR613245', '2019-03-23', 134),
('', 'Neck collar & white lace dress', 1, 'XS', 'black', 300, 'OR412161', '2019-03-29', 135),
('', 'Neck collar & white lace dress', 1, 'XS', 'black', 300, 'OR123262', '2019-03-29', 136),
('', 'Neck collar & white lace dress', 1, 'XS', 'black', 300, 'OR333332', '2019-03-29', 137),
('', 'Neck collar & white lace dress', 1, 'XS', 'black', 300, 'OR333664', '2019-03-29', 138),
('', 'Neck collar & white lace dress', 1, 'XS', 'black', 1406, 'OR552614', '2019-03-29', 139),
('', 'KATE SPADE BAG ', 1, 'S', 'black', 1406, 'OR552614', '2019-03-29', 140),
('Saa', 'Neck collar & white lace dress', 1, 'XS', 'black', 1406, 'OR264533', '2019-03-29', 141),
('Saa', 'KATE SPADE BAG ', 1, 'S', 'black', 1406, 'OR264533', '2019-03-29', 142),
('Saa', 'Black Dress', 1, 'XS', 'Black', 200, 'OR342645', '2019-03-29', 143),
('HudaD', 'long coat ', 1, 'M', 'Black', 99, 'OR464122', '2019-03-30', 144);

-- --------------------------------------------------------

--
-- Table structure for table `Size`
--

CREATE TABLE IF NOT EXISTS `Size` (
  `	Ssub_ID` int(11) NOT NULL,
  `productSizeID` int(11) NOT NULL AUTO_INCREMENT,
  `size` varchar(100) CHARACTER SET utf8 NOT NULL,
  PRIMARY KEY (`productSizeID`)
) ENGINE=MyISAM  DEFAULT CHARSET=latin1 AUTO_INCREMENT=1364 ;

--
-- Dumping data for table `Size`
--

INSERT INTO `Size` (`	Ssub_ID`, `productSizeID`, `size`) VALUES
(7, 1, 'XS'),
(7, 2, 'S'),
(7, 3, 'M'),
(7, 4, 'L'),
(7, 5, 'XL'),
(8, 6, 'XS'),
(8, 7, 'S'),
(8, 8, 'M'),
(8, 9, 'L'),
(8, 10, 'XL'),
(9, 11, 'XS'),
(9, 12, 'S'),
(9, 13, 'M'),
(9, 14, 'L'),
(9, 15, 'XL'),
(10, 16, 'XS'),
(10, 17, 'S'),
(10, 18, 'M'),
(10, 19, 'L'),
(10, 20, 'XL'),
(11, 21, 'XS'),
(11, 22, 'S'),
(11, 23, 'M'),
(11, 24, 'L'),
(11, 25, 'XL'),
(12, 26, 'XS'),
(12, 27, 'S'),
(12, 28, 'M'),
(12, 29, 'L'),
(12, 30, 'XL'),
(13, 31, 'XS'),
(13, 32, 'S'),
(13, 33, 'M'),
(13, 34, 'L'),
(13, 35, 'XL'),
(14, 36, 'XS'),
(14, 37, 'S'),
(14, 38, 'M'),
(14, 39, 'L'),
(14, 40, 'XL'),
(15, 50, 'L'),
(15, 49, 'M'),
(15, 48, 'S'),
(15, 47, 'XS'),
(15, 51, 'XL'),
(16, 52, 'XS'),
(16, 53, 'S'),
(16, 54, 'M'),
(16, 55, 'L'),
(16, 56, 'XL'),
(17, 57, 'XS'),
(17, 58, 'S'),
(17, 59, 'M'),
(17, 60, 'L'),
(17, 61, 'XL'),
(18, 62, 'XS'),
(18, 63, 'S'),
(18, 64, 'M'),
(18, 65, 'L'),
(18, 66, 'XL'),
(19, 67, 'S'),
(19, 68, 'M'),
(20, 69, 'S'),
(20, 70, 'M'),
(21, 71, 'S'),
(21, 72, 'M'),
(22, 73, 'S'),
(22, 74, 'M'),
(23, 75, 'S'),
(23, 76, 'M'),
(24, 77, 'S'),
(24, 78, 'M'),
(25, 79, 'S'),
(25, 80, 'M'),
(26, 81, 'S'),
(26, 82, 'M'),
(27, 83, 'S'),
(27, 84, 'M'),
(28, 85, 'S'),
(28, 86, 'M'),
(29, 87, 'S'),
(29, 88, 'M'),
(30, 89, 'S'),
(30, 90, 'M'),
(34, 91, 'OS'),
(35, 92, 'OS'),
(36, 93, 'OS'),
(37, 94, 'OS'),
(38, 95, 'OS'),
(39, 96, 'OS'),
(40, 97, 'OS'),
(41, 98, 'OS'),
(42, 99, 'OS'),
(43, 100, 'OS'),
(44, 101, 'OS'),
(45, 102, 'OS'),
(46, 103, 'OS'),
(47, 104, 'OS'),
(48, 105, 'OS'),
(49, 106, 'OS'),
(50, 107, 'OS'),
(51, 108, 'OS'),
(52, 109, 'OS'),
(53, 110, 'OS'),
(54, 111, 'OS'),
(55, 112, 'OS'),
(56, 113, 'OS'),
(57, 114, 'OS'),
(58, 115, '35'),
(58, 116, '36'),
(58, 117, '37'),
(58, 118, '38'),
(58, 119, '39'),
(59, 120, '35'),
(59, 121, '36'),
(59, 122, '37'),
(59, 123, '38'),
(59, 124, '39'),
(60, 125, '35'),
(60, 126, '36'),
(60, 127, '37'),
(60, 128, '38'),
(60, 129, '39'),
(61, 130, '35'),
(61, 131, '36'),
(61, 132, '37'),
(61, 133, '38'),
(61, 134, '39'),
(62, 135, '35'),
(62, 136, '36'),
(62, 137, '37'),
(62, 138, '38'),
(62, 139, '39'),
(63, 140, '35'),
(63, 141, '36'),
(63, 142, '37'),
(63, 143, '38'),
(63, 144, '39'),
(64, 145, '35'),
(64, 146, '36'),
(64, 147, '37'),
(64, 148, '38'),
(64, 149, '39'),
(65, 150, '35'),
(65, 151, '36'),
(65, 152, '37'),
(65, 153, '38'),
(65, 154, '39'),
(66, 155, '35'),
(66, 156, '36'),
(66, 157, '37'),
(66, 158, '38'),
(66, 159, '39'),
(67, 160, '35'),
(67, 161, '36'),
(67, 162, '37'),
(67, 163, '38'),
(67, 164, '39'),
(68, 165, '35'),
(68, 166, '36'),
(68, 167, '37'),
(68, 168, '38'),
(68, 169, '39'),
(69, 170, '35'),
(69, 171, '36'),
(69, 172, '37'),
(69, 173, '38'),
(69, 174, '39'),
(70, 175, '37'),
(70, 176, '38'),
(70, 177, '39'),
(70, 178, '40'),
(71, 179, '37'),
(71, 180, '38'),
(71, 181, '39'),
(71, 182, '40'),
(72, 183, '37'),
(72, 184, '38'),
(72, 185, '39'),
(72, 186, '40'),
(73, 187, '37'),
(73, 188, '38'),
(73, 189, '39'),
(73, 190, '40'),
(74, 191, '37'),
(74, 192, '38'),
(74, 193, '39'),
(74, 194, '40'),
(75, 195, '37'),
(75, 196, '38'),
(75, 197, '39'),
(75, 198, '40'),
(76, 199, '37'),
(76, 200, '38'),
(76, 201, '39'),
(76, 202, '40'),
(77, 203, '37'),
(77, 204, '38'),
(77, 205, '39'),
(77, 206, '40'),
(78, 207, '37'),
(78, 208, '38'),
(78, 209, '39'),
(78, 210, '40'),
(79, 211, '37'),
(79, 212, '38'),
(79, 213, '39'),
(79, 214, '40'),
(80, 215, '37'),
(80, 216, '38'),
(80, 217, '39'),
(80, 218, '40'),
(81, 219, '37'),
(81, 220, '38'),
(81, 221, '39'),
(81, 222, '40'),
(85, 223, 'S'),
(85, 224, 'M'),
(85, 225, 'L'),
(85, 226, 'XL'),
(86, 227, 'S'),
(86, 228, 'M'),
(86, 229, 'L'),
(86, 230, 'XL'),
(87, 231, 'S'),
(87, 232, 'M'),
(87, 233, 'L'),
(87, 234, 'XL'),
(89, 235, 'S'),
(89, 236, 'M'),
(89, 237, 'L'),
(89, 238, 'XL'),
(90, 239, 'S'),
(90, 240, 'M'),
(90, 241, 'L'),
(90, 242, 'XL'),
(91, 243, 'S'),
(91, 244, 'M'),
(91, 245, 'L'),
(91, 246, 'XL'),
(92, 247, 'S'),
(92, 248, 'M'),
(92, 249, 'L'),
(92, 250, 'XL'),
(93, 251, 'S'),
(93, 252, 'M'),
(93, 253, 'L'),
(93, 254, 'XL'),
(94, 255, 'S'),
(94, 256, 'M'),
(94, 257, 'L'),
(94, 258, 'XL'),
(95, 259, 'S'),
(95, 260, 'M'),
(95, 261, 'L'),
(95, 262, 'XL'),
(96, 263, 'S'),
(96, 264, 'M'),
(96, 265, 'L'),
(96, 266, 'XL'),
(97, 267, 'S'),
(97, 268, 'M'),
(97, 269, 'L'),
(97, 270, 'XL'),
(98, 271, 'S'),
(98, 272, 'M'),
(98, 273, 'L'),
(98, 274, 'XL'),
(99, 275, 'S'),
(99, 276, 'M'),
(99, 277, 'L'),
(99, 278, 'XL'),
(100, 279, 'S'),
(100, 280, 'M'),
(100, 281, 'L'),
(100, 282, 'XL'),
(101, 283, 'S'),
(101, 284, 'M'),
(101, 285, 'L'),
(101, 286, 'XL'),
(103, 287, 'S'),
(103, 288, 'M'),
(103, 289, 'L'),
(103, 290, 'XL'),
(104, 291, 'S'),
(104, 292, 'M'),
(104, 293, 'L'),
(104, 294, 'XL'),
(105, 295, 'S'),
(105, 296, 'M'),
(105, 297, 'L'),
(105, 298, 'XL'),
(106, 299, 'S'),
(106, 300, 'M'),
(106, 301, 'L'),
(106, 302, 'XL'),
(109, 303, 'S'),
(109, 304, 'M'),
(109, 305, 'L'),
(109, 306, 'XL'),
(110, 307, 'S'),
(110, 308, 'M'),
(110, 309, 'L'),
(110, 310, 'XL'),
(111, 311, 'S'),
(111, 312, 'M'),
(111, 313, 'L'),
(111, 314, 'XL'),
(112, 315, 'S'),
(112, 316, 'M'),
(112, 317, 'L'),
(112, 318, 'XL'),
(113, 319, 'S'),
(113, 320, 'M'),
(113, 321, 'L'),
(113, 322, 'XL'),
(114, 323, 'S'),
(114, 324, 'M'),
(114, 325, 'L'),
(114, 326, 'XL'),
(115, 327, 'S'),
(115, 328, 'M'),
(115, 329, 'L'),
(115, 330, 'XL'),
(116, 331, 'S'),
(116, 332, 'M'),
(116, 333, 'L'),
(116, 334, 'XL'),
(117, 335, 'S'),
(117, 336, 'M'),
(117, 337, 'L'),
(117, 338, 'XL'),
(118, 339, 'S'),
(118, 340, 'M'),
(118, 341, 'L'),
(118, 342, 'XL'),
(119, 343, 'S'),
(119, 344, 'M'),
(119, 345, 'L'),
(119, 346, 'XL'),
(121, 347, 'S'),
(121, 348, 'M'),
(121, 349, 'L'),
(121, 350, 'XL'),
(122, 351, 'S'),
(122, 352, 'M'),
(122, 353, 'L'),
(122, 354, 'XL'),
(123, 355, 'S'),
(123, 356, 'M'),
(123, 357, 'L'),
(123, 358, 'XL'),
(124, 359, 'S'),
(124, 360, 'M'),
(124, 361, 'L'),
(124, 362, 'XL'),
(125, 363, 'S'),
(125, 364, 'M'),
(125, 365, 'L'),
(125, 366, 'XL'),
(126, 367, 'S'),
(126, 368, 'M'),
(126, 369, 'L'),
(126, 370, 'XL'),
(127, 371, 'S'),
(127, 372, 'M'),
(127, 373, 'L'),
(127, 374, 'XL'),
(128, 375, 'S'),
(128, 376, 'M'),
(128, 377, 'L'),
(128, 378, 'XL'),
(129, 379, 'S'),
(129, 380, 'M'),
(129, 381, 'L'),
(129, 382, 'XL'),
(130, 383, 'S'),
(130, 384, 'M'),
(130, 385, 'L'),
(130, 386, 'XL'),
(131, 387, 'S'),
(131, 388, 'M'),
(131, 389, 'L'),
(131, 390, 'XL'),
(132, 391, 'S'),
(132, 392, 'M'),
(132, 393, 'L'),
(132, 394, 'XL'),
(133, 395, 'S'),
(133, 396, 'M'),
(133, 397, 'L'),
(133, 398, 'XL'),
(134, 399, 'S'),
(134, 400, 'M'),
(134, 401, 'L'),
(134, 402, 'XL'),
(135, 403, 'S'),
(135, 404, 'M'),
(135, 405, 'L'),
(135, 406, 'XL'),
(136, 407, 'S'),
(136, 408, 'M'),
(136, 409, 'L'),
(136, 410, 'XL'),
(137, 411, 'S'),
(137, 412, 'M'),
(137, 413, 'L'),
(137, 414, 'XL'),
(138, 415, 'S'),
(138, 416, 'M'),
(138, 417, 'L'),
(138, 418, 'XL'),
(139, 419, 'S'),
(139, 420, 'M'),
(139, 421, 'L'),
(139, 422, 'XL'),
(140, 423, 'S'),
(140, 424, 'M'),
(140, 425, 'L'),
(140, 426, 'XL'),
(143, 427, 'S'),
(143, 428, 'M'),
(143, 429, 'L'),
(143, 430, 'XL'),
(144, 431, 'S'),
(144, 432, 'M'),
(144, 433, 'L'),
(144, 434, 'XL'),
(146, 443, 'M'),
(146, 442, 'S'),
(146, 441, 'XS'),
(146, 444, 'L'),
(146, 445, 'XL'),
(147, 446, 'XS'),
(147, 447, 'S'),
(147, 448, 'M'),
(147, 449, 'L'),
(147, 450, 'XL'),
(155, 463, 'OS'),
(154, 462, 'L'),
(154, 461, 'M'),
(154, 460, 'S'),
(156, 464, 'OS'),
(157, 465, 'OS'),
(158, 466, 'OS'),
(160, 468, 'OS'),
(161, 469, 'OS'),
(162, 470, 'OS'),
(163, 471, 'OS'),
(164, 472, 'OS'),
(165, 473, 'OS'),
(166, 474, 'OS'),
(167, 475, 'OS'),
(168, 476, 'XS'),
(168, 477, 'S'),
(168, 478, 'M'),
(168, 479, 'L'),
(168, 480, 'XL'),
(169, 481, 'S'),
(169, 482, 'M'),
(169, 483, 'L'),
(169, 484, 'XL'),
(170, 485, 'XS'),
(170, 486, 'S'),
(170, 487, 'M'),
(170, 488, 'L'),
(170, 489, 'XL'),
(170, 490, 'S'),
(170, 491, 'M'),
(170, 492, 'L'),
(170, 493, 'XL'),
(170, 494, 'S'),
(170, 495, 'M'),
(170, 496, 'L'),
(170, 497, 'XL'),
(171, 498, 'XS'),
(171, 499, 'S'),
(171, 500, 'M'),
(171, 501, 'L'),
(171, 502, 'XL'),
(171, 503, 'S'),
(171, 504, 'M'),
(172, 505, 'XS'),
(172, 506, 'S'),
(172, 507, 'M'),
(172, 508, 'L'),
(173, 509, 'XS'),
(173, 510, 'S'),
(173, 511, 'M'),
(173, 512, 'L'),
(173, 513, 'XL'),
(174, 514, 'XS'),
(174, 515, 'S'),
(174, 516, 'M'),
(174, 517, 'L'),
(174, 518, 'XL'),
(174, 519, 'XS'),
(174, 520, 'S'),
(174, 521, 'M'),
(174, 522, 'L'),
(174, 523, 'XL'),
(174, 524, 'XS'),
(174, 525, 'S'),
(175, 526, 'XS'),
(175, 527, 'S'),
(175, 528, 'S'),
(175, 529, 'M'),
(175, 530, 'L'),
(175, 531, 'XL'),
(176, 532, 'S'),
(176, 533, 'M'),
(176, 534, 'L'),
(176, 535, 'XL'),
(177, 536, 'XS'),
(177, 537, 'S'),
(177, 538, 'M'),
(177, 539, 'L'),
(177, 540, 'XL'),
(178, 541, 'XS'),
(178, 542, 'S'),
(178, 543, 'M'),
(178, 544, 'L'),
(178, 545, 'XS'),
(178, 546, 'S'),
(178, 547, 'M'),
(178, 548, 'L'),
(179, 549, 'XS'),
(179, 550, 'S'),
(179, 551, 'M'),
(179, 552, 'L'),
(180, 553, 'XS'),
(180, 554, 'S'),
(180, 555, 'M'),
(180, 556, 'L'),
(180, 557, 'XL'),
(180, 558, 'XS'),
(180, 559, 'S'),
(180, 560, 'M'),
(180, 561, 'L'),
(180, 562, 'XL'),
(181, 563, 'OS'),
(182, 564, 'XS'),
(182, 565, 'S'),
(182, 566, 'M'),
(182, 567, 'L'),
(182, 568, 'XL'),
(183, 569, 'XS'),
(183, 570, 'S'),
(183, 571, 'M'),
(183, 572, 'L'),
(183, 573, 'XL'),
(184, 574, '35'),
(184, 575, '36'),
(184, 576, '37'),
(184, 577, '38'),
(185, 580, '35'),
(185, 581, '36'),
(185, 582, '37'),
(185, 583, '38'),
(186, 586, '35'),
(186, 587, '36'),
(186, 588, '37'),
(186, 589, '38'),
(187, 592, '35'),
(187, 593, '36'),
(187, 594, '37'),
(187, 595, '38'),
(187, 596, '39'),
(187, 597, '40'),
(188, 598, '35'),
(188, 599, '36'),
(188, 600, '37'),
(188, 601, '38'),
(188, 602, '39'),
(188, 603, '40'),
(189, 604, '35'),
(189, 605, '36'),
(189, 606, '37'),
(189, 607, '38'),
(189, 608, '39'),
(189, 609, '40'),
(190, 610, '35'),
(190, 611, '36'),
(190, 612, '37'),
(190, 613, '38'),
(190, 614, '39'),
(190, 615, '40'),
(191, 616, '35'),
(191, 617, '36'),
(191, 618, '37'),
(191, 619, '38'),
(191, 620, '39'),
(191, 621, '40'),
(192, 622, '35'),
(192, 623, '36'),
(192, 624, '37'),
(192, 625, '38'),
(192, 626, '39'),
(192, 627, '40'),
(193, 634, '35'),
(193, 635, '36'),
(193, 636, '37'),
(193, 637, '38'),
(193, 638, '39'),
(193, 639, '40'),
(194, 640, '35'),
(194, 641, '36'),
(194, 642, '37'),
(194, 643, '38'),
(194, 644, '39'),
(194, 645, '40'),
(195, 646, '35'),
(195, 647, '36'),
(195, 648, '37'),
(195, 649, '38'),
(195, 650, '39'),
(195, 651, '40'),
(196, 652, 'OS'),
(197, 653, 'OS'),
(198, 654, 'OS'),
(199, 655, '35'),
(199, 656, '36'),
(199, 657, '37'),
(199, 658, '38'),
(199, 659, '39'),
(199, 660, '40'),
(200, 661, '35'),
(200, 662, '36'),
(200, 663, '37'),
(200, 664, '38'),
(200, 665, '39'),
(200, 666, '40'),
(201, 667, '35'),
(201, 668, '36'),
(201, 669, '37'),
(201, 670, '38'),
(201, 671, '39'),
(201, 672, '40'),
(202, 673, '35'),
(202, 674, '36'),
(202, 675, '37'),
(202, 676, '38'),
(202, 677, '39'),
(202, 678, '40'),
(203, 679, '35'),
(203, 680, '36'),
(203, 681, '37'),
(203, 682, '38'),
(203, 683, '39'),
(203, 684, '40'),
(204, 685, '35'),
(204, 686, '36'),
(204, 687, '37'),
(204, 688, '38'),
(204, 689, '39'),
(204, 690, '40'),
(205, 691, '35'),
(205, 692, '36'),
(205, 693, '37'),
(205, 694, '38'),
(205, 695, '39'),
(205, 696, '40'),
(206, 697, '35'),
(206, 698, '36'),
(206, 699, '37'),
(206, 700, '38'),
(206, 701, '39'),
(206, 702, '40'),
(207, 703, '35'),
(207, 704, '36'),
(207, 705, '37'),
(207, 706, '38'),
(207, 707, '39'),
(207, 708, '40'),
(208, 709, '35'),
(208, 710, '36'),
(208, 711, '37'),
(208, 712, '38'),
(208, 713, '39'),
(208, 714, '40'),
(209, 715, '35'),
(209, 716, '36'),
(209, 717, '37'),
(209, 718, '38'),
(209, 719, '39'),
(209, 720, '40'),
(210, 721, '35'),
(210, 722, '36'),
(210, 723, '37'),
(210, 724, '38'),
(210, 725, '39'),
(210, 726, '40'),
(211, 727, 'XS'),
(211, 728, 'S'),
(211, 729, 'M'),
(211, 730, 'L'),
(211, 731, 'XL'),
(212, 732, 'XS'),
(212, 733, 'S'),
(212, 734, 'M'),
(212, 735, 'L'),
(212, 736, 'XL'),
(213, 737, 'XS'),
(213, 738, 'S'),
(213, 739, 'M'),
(213, 740, 'L'),
(213, 741, 'XL'),
(214, 742, 'OS'),
(214, 743, 'OS'),
(214, 744, 'OS'),
(215, 745, 'OS'),
(216, 746, 'OS'),
(217, 747, 'OS'),
(218, 748, 'OS'),
(219, 749, 'OS'),
(219, 750, 'XS'),
(219, 751, 'S'),
(219, 752, 'M'),
(219, 753, 'L'),
(219, 754, 'XL'),
(220, 755, 'XS'),
(220, 756, 'S'),
(220, 757, 'M'),
(220, 758, 'L'),
(220, 759, 'XL'),
(221, 760, 'OS'),
(222, 761, 'OS'),
(223, 762, 'XS'),
(223, 763, 'S'),
(223, 764, 'M'),
(223, 765, 'L'),
(223, 766, 'XL'),
(224, 767, 'OS'),
(225, 768, 'XS'),
(225, 769, 'S'),
(225, 770, 'M'),
(225, 771, 'L'),
(226, 772, 'XS'),
(226, 773, 'S'),
(226, 774, 'M'),
(226, 775, 'L'),
(226, 776, 'XL'),
(227, 777, 'OS'),
(228, 778, 'XS'),
(228, 779, 'S'),
(228, 780, 'M'),
(228, 781, 'L'),
(228, 782, 'XL'),
(229, 783, 'XS'),
(229, 784, 'S'),
(229, 785, 'M'),
(230, 786, 'XS'),
(230, 787, 'S'),
(230, 788, 'M'),
(230, 789, 'L'),
(230, 790, 'XL'),
(230, 791, 'S'),
(230, 792, 'M'),
(230, 793, 'L'),
(230, 794, 'XL'),
(231, 795, 'S'),
(231, 796, 'M'),
(231, 797, 'L'),
(231, 798, 'XL'),
(231, 799, 'XS'),
(231, 800, 'S'),
(231, 801, 'M'),
(231, 802, 'L'),
(231, 803, 'XL'),
(232, 804, 'XS'),
(232, 805, 'S'),
(232, 806, 'M'),
(232, 807, 'L'),
(232, 808, 'XL'),
(232, 809, 'XS'),
(232, 810, 'S'),
(232, 811, 'M'),
(232, 812, 'L'),
(232, 813, 'XL'),
(232, 814, 'XS'),
(232, 815, 'S'),
(232, 816, 'M'),
(232, 817, 'L'),
(232, 818, 'XL'),
(233, 819, 'XS'),
(233, 820, 'S'),
(233, 821, 'M'),
(233, 822, 'L'),
(234, 823, 'XS'),
(234, 824, 'S'),
(234, 825, 'M'),
(234, 826, 'L'),
(234, 827, 'XL'),
(235, 828, 'XS'),
(235, 829, 'S'),
(235, 830, 'M'),
(235, 831, 'L'),
(236, 832, 'XS'),
(236, 833, 'S'),
(236, 834, 'M'),
(236, 835, 'L'),
(237, 836, 'OS'),
(237, 837, 'XS'),
(237, 838, 'S'),
(237, 839, 'M'),
(237, 840, 'L'),
(237, 841, 'XL'),
(237, 842, 'XS'),
(237, 843, 'S'),
(237, 844, 'M'),
(237, 845, 'L'),
(237, 846, 'XL'),
(238, 847, 'XS'),
(238, 848, 'S'),
(238, 849, 'M'),
(238, 850, 'L'),
(238, 851, 'XL'),
(238, 852, 'XS'),
(238, 853, 'S'),
(238, 854, 'M'),
(238, 855, 'L'),
(239, 856, 'XS'),
(239, 857, 'S'),
(239, 858, 'M'),
(239, 859, 'L'),
(239, 860, 'XS'),
(239, 861, 'S'),
(239, 862, 'M'),
(239, 863, 'L'),
(239, 864, 'XS'),
(239, 865, 'S'),
(239, 866, 'M'),
(239, 867, 'L'),
(239, 868, 'XL'),
(240, 869, 'XS'),
(240, 870, 'S'),
(240, 871, 'M'),
(240, 872, 'L'),
(240, 873, 'XL'),
(241, 874, 'XS'),
(241, 875, 'S'),
(241, 876, 'M'),
(241, 877, 'L'),
(241, 878, 'XL'),
(242, 879, 'XS'),
(242, 880, 'S'),
(242, 881, 'M'),
(242, 882, 'L'),
(242, 883, 'XL'),
(243, 884, 'XS'),
(243, 885, 'S'),
(243, 886, 'M'),
(243, 887, 'L'),
(244, 888, 'OS'),
(245, 889, 'OS'),
(246, 890, 'OS'),
(246, 891, 'OS'),
(247, 892, 'OS'),
(247, 893, 'XS'),
(247, 894, 'S'),
(247, 895, 'M'),
(250, 903, 'XS'),
(249, 897, 'XS'),
(249, 898, 'S'),
(249, 899, 'M'),
(248, 900, 'XS'),
(248, 901, 'S'),
(248, 902, 'M'),
(250, 904, 'S'),
(250, 905, 'M'),
(250, 906, 'L'),
(251, 907, 'XS'),
(251, 908, 'S'),
(251, 909, 'M'),
(251, 910, 'L'),
(251, 911, 'XL'),
(252, 912, 'XS'),
(252, 913, 'S'),
(252, 914, 'M'),
(252, 915, 'L'),
(252, 916, 'XL'),
(253, 918, 'S'),
(253, 919, 'M'),
(253, 920, 'L'),
(253, 921, 'XL'),
(254, 922, 'XS'),
(254, 923, 'S'),
(254, 924, 'M'),
(254, 925, 'L'),
(254, 926, 'XL'),
(255, 927, 'XS'),
(255, 928, 'S'),
(255, 929, 'M'),
(255, 930, 'L'),
(255, 931, 'XL'),
(256, 932, 'OS'),
(257, 933, 'XS'),
(257, 934, 'S'),
(257, 935, 'M'),
(258, 936, 'XS'),
(258, 937, 'S'),
(258, 938, 'M'),
(258, 939, 'L'),
(258, 940, 'XL'),
(259, 941, 'OS'),
(260, 942, 'XS'),
(260, 943, 'S'),
(260, 944, 'M'),
(260, 945, 'L'),
(260, 946, 'XL'),
(261, 947, 'XS'),
(261, 948, 'S'),
(261, 949, 'M'),
(261, 950, 'L'),
(261, 951, 'XL'),
(261, 952, 'OS'),
(262, 953, 'OS'),
(263, 954, 'S'),
(263, 955, 'M'),
(264, 956, 'S'),
(264, 957, 'M'),
(265, 958, 'OS'),
(266, 959, 'OS'),
(267, 960, 'OS'),
(268, 961, 'S'),
(268, 962, 'M'),
(269, 963, 'OS'),
(270, 964, 'OS'),
(271, 965, 'M'),
(271, 966, 'L'),
(272, 967, 'OS'),
(273, 968, 'OS'),
(274, 969, 'M'),
(274, 970, 'L'),
(275, 971, 'M'),
(275, 972, 'L'),
(276, 973, 'OS'),
(277, 974, 'OS'),
(278, 975, 'S'),
(278, 976, 'M'),
(279, 977, 'OS'),
(280, 978, 'OS'),
(281, 979, 'OS'),
(281, 980, 'OS'),
(282, 981, 'OS'),
(282, 982, 'OS'),
(283, 983, 'OS'),
(284, 984, 'OS'),
(285, 985, 'OS'),
(285, 986, 'OS'),
(285, 987, 'OS'),
(285, 988, 'OS'),
(286, 989, 'OS'),
(287, 990, 'OS'),
(288, 991, 'OS'),
(289, 992, 'OS'),
(290, 993, 'OS'),
(291, 994, 'OS'),
(292, 995, 'OS'),
(293, 996, 'XS'),
(293, 997, 'S'),
(293, 998, 'M'),
(293, 999, 'L'),
(293, 1000, 'XL'),
(294, 1001, 'XS'),
(294, 1002, 'S'),
(294, 1003, 'M'),
(294, 1004, 'L'),
(294, 1005, 'XL'),
(295, 1006, 'OS'),
(295, 1007, 'OS'),
(296, 1008, 'OS'),
(297, 1009, 'OS'),
(298, 1010, 'OS'),
(298, 1011, 'OS'),
(299, 1012, 'OS'),
(300, 1013, 'OS'),
(300, 1014, 'OS'),
(301, 1015, 'OS'),
(301, 1016, 'OS'),
(302, 1017, 'OS'),
(303, 1018, 'OS'),
(304, 1019, 'OS'),
(304, 1020, 'OS'),
(305, 1021, 'OS'),
(306, 1022, 'OS'),
(307, 1023, 'OS'),
(308, 1024, 'OS'),
(309, 1025, 'OS'),
(310, 1026, 'OS'),
(311, 1027, 'OS'),
(312, 1028, 'OS'),
(313, 1029, 'OS'),
(314, 1030, 'OS'),
(315, 1031, 'OS'),
(316, 1032, 'OS'),
(317, 1033, 'XS'),
(317, 1034, 'S'),
(317, 1035, 'M'),
(317, 1036, 'L'),
(317, 1037, 'XL'),
(318, 1038, 'S'),
(318, 1039, 'M'),
(318, 1040, 'L'),
(318, 1041, 'XL'),
(319, 1042, 'OS'),
(320, 1043, 'XS'),
(320, 1044, 'S'),
(320, 1045, 'M'),
(320, 1046, 'L'),
(320, 1047, 'XL'),
(321, 1048, 'XS'),
(321, 1049, 'S'),
(321, 1050, 'M'),
(321, 1051, 'L'),
(322, 1052, 'OS'),
(322, 1053, 'XS'),
(322, 1054, 'M'),
(322, 1055, 'L'),
(323, 1056, 'S'),
(323, 1057, 'M'),
(323, 1058, 'XL'),
(323, 1059, 'XS'),
(323, 1060, 'S'),
(323, 1061, 'M'),
(323, 1062, 'L'),
(323, 1063, 'XL'),
(323, 1064, 'XS'),
(323, 1065, 'S'),
(323, 1066, 'M'),
(323, 1067, 'L'),
(323, 1068, 'XL'),
(324, 1069, 'XS'),
(324, 1070, 'S'),
(324, 1071, 'M'),
(324, 1072, 'L'),
(324, 1073, 'XL'),
(325, 1074, 'XS'),
(325, 1075, 'S'),
(325, 1076, 'M'),
(325, 1077, 'L'),
(325, 1078, 'XL'),
(326, 1079, 'XS'),
(326, 1080, 'S'),
(326, 1081, 'M'),
(326, 1082, 'L'),
(326, 1083, 'XL'),
(327, 1084, 'XS'),
(327, 1085, 'M'),
(327, 1086, 'L'),
(328, 1087, 'XS'),
(328, 1088, 'M'),
(329, 1089, 'XS'),
(329, 1090, 'S'),
(329, 1091, 'M'),
(329, 1092, 'XL'),
(330, 1093, 'XS'),
(330, 1094, 'M'),
(330, 1095, 'L'),
(331, 1096, 'XS'),
(331, 1097, 'S'),
(331, 1098, 'M'),
(331, 1099, 'L'),
(331, 1100, 'XL'),
(332, 1101, 'XS'),
(333, 1102, 'XS'),
(333, 1103, 'S'),
(333, 1104, 'M'),
(334, 1105, 'XS'),
(334, 1106, 'S'),
(334, 1107, 'M'),
(334, 1108, 'L'),
(334, 1109, 'XL'),
(335, 1110, 'XS'),
(335, 1111, 'M'),
(335, 1112, 'L'),
(336, 1113, 'XS'),
(336, 1114, 'M'),
(337, 1115, 'XS'),
(337, 1116, 'S'),
(337, 1117, 'M'),
(337, 1118, 'L'),
(337, 1119, 'XL'),
(338, 1120, 'XS'),
(338, 1121, 'M'),
(338, 1122, 'L'),
(339, 1123, 'XS'),
(339, 1124, 'M'),
(340, 1125, 'XS'),
(340, 1126, 'M'),
(340, 1127, 'L'),
(341, 1128, 'XS'),
(342, 1129, 'XS'),
(342, 1130, 'S'),
(342, 1131, 'M'),
(342, 1132, 'L'),
(342, 1133, 'XL'),
(343, 1134, 'M'),
(343, 1135, 'L'),
(344, 1136, 'XS'),
(344, 1137, 'L'),
(344, 1138, 'XL'),
(345, 1139, 'XS'),
(345, 1140, 'M'),
(345, 1141, 'L'),
(346, 1142, 'XS'),
(346, 1143, 'S'),
(346, 1144, 'M'),
(346, 1145, 'L'),
(346, 1146, 'XL'),
(347, 1147, 'XS'),
(347, 1148, 'S'),
(347, 1149, 'M'),
(348, 1150, 'XS'),
(348, 1151, 'S'),
(348, 1152, 'M'),
(348, 1153, 'L'),
(348, 1154, 'XL'),
(349, 1155, 'XS'),
(349, 1156, 'S'),
(349, 1157, 'M'),
(350, 1158, 'XS'),
(350, 1159, 'M'),
(351, 1160, 'XS'),
(351, 1161, 'S'),
(351, 1162, 'M'),
(351, 1163, 'L'),
(351, 1164, 'XL'),
(352, 1165, 'XS'),
(352, 1166, 'XS'),
(352, 1167, 'S'),
(352, 1168, 'M'),
(352, 1169, 'L'),
(352, 1170, 'XL'),
(353, 1171, 'OS'),
(353, 1172, 'OS'),
(354, 1173, 'OS'),
(355, 1174, 'OS'),
(356, 1175, 'XS'),
(356, 1176, 'S'),
(356, 1177, 'M'),
(356, 1178, 'L'),
(356, 1179, 'XL'),
(357, 1180, 'XS'),
(357, 1181, 'S'),
(357, 1182, 'M'),
(357, 1183, 'L'),
(357, 1184, 'XL'),
(357, 1185, 'XS'),
(358, 1186, 'XS'),
(359, 1187, 'XS'),
(359, 1188, 'S'),
(359, 1189, 'M'),
(359, 1190, 'L'),
(359, 1191, 'XL'),
(360, 1192, 'OS'),
(361, 1193, 'XS'),
(361, 1194, 'M'),
(361, 1195, 'L'),
(361, 1196, 'XL'),
(362, 1197, 'XS'),
(362, 1198, 'S'),
(362, 1199, 'M'),
(362, 1200, 'L'),
(362, 1201, 'XL'),
(363, 1202, 'XS'),
(363, 1203, 'S'),
(363, 1204, 'M'),
(363, 1205, 'XL'),
(364, 1206, 'XS'),
(364, 1207, 'S'),
(364, 1208, 'M'),
(364, 1209, 'L'),
(364, 1210, 'XL'),
(365, 1211, 'OS'),
(366, 1212, 'OS'),
(367, 1213, 'OS'),
(368, 1214, 'OS'),
(369, 1215, 'OS'),
(370, 1216, 'OS'),
(371, 1217, 'XS'),
(371, 1218, 'S'),
(371, 1219, 'M'),
(371, 1220, 'L'),
(371, 1221, 'XL'),
(372, 1222, 'XS'),
(372, 1223, 'S'),
(372, 1224, 'M'),
(372, 1225, 'L'),
(372, 1226, 'XL'),
(373, 1227, 'XS'),
(373, 1228, 'S'),
(373, 1229, 'M'),
(373, 1230, 'L'),
(373, 1231, 'XL'),
(374, 1232, 'XS'),
(374, 1233, 'S'),
(374, 1234, 'M'),
(375, 1235, 'XS'),
(375, 1236, 'S'),
(375, 1237, 'M'),
(375, 1238, 'L'),
(375, 1239, 'XL'),
(376, 1240, 'XS'),
(376, 1241, 'S'),
(376, 1242, 'M'),
(376, 1243, 'L'),
(376, 1244, 'XL'),
(377, 1245, 'OS'),
(378, 1246, 'XS'),
(378, 1247, 'S'),
(378, 1248, 'M'),
(378, 1249, 'L'),
(378, 1250, 'XL'),
(379, 1251, 'XS'),
(379, 1252, 'S'),
(379, 1253, 'M'),
(379, 1254, 'L'),
(379, 1255, 'XL'),
(380, 1256, 'XS'),
(380, 1257, 'M'),
(381, 1258, 'XS'),
(381, 1259, 'S'),
(381, 1260, 'M'),
(382, 1261, 'XS'),
(383, 1262, 'XS'),
(383, 1263, 'S'),
(383, 1264, 'M'),
(383, 1265, 'L'),
(383, 1266, 'XL'),
(384, 1267, 'XS'),
(384, 1268, 'S'),
(384, 1269, 'M'),
(384, 1270, 'L'),
(384, 1271, 'XL'),
(385, 1272, 'XS'),
(385, 1273, 'S'),
(385, 1274, 'M'),
(386, 1275, 'XS'),
(386, 1276, 'S'),
(386, 1277, 'M'),
(386, 1278, 'L'),
(386, 1279, 'XL'),
(387, 1280, 'XS'),
(387, 1281, 'S'),
(387, 1282, 'M'),
(388, 1283, 'XS'),
(388, 1284, 'S'),
(388, 1285, 'M'),
(388, 1286, 'L'),
(388, 1287, 'XL'),
(389, 1288, 'XS'),
(389, 1289, 'M'),
(390, 1290, 'XS'),
(390, 1291, 'S'),
(390, 1292, 'M'),
(390, 1293, 'L'),
(390, 1294, 'XL'),
(391, 1295, 'XS'),
(391, 1296, 'S'),
(391, 1297, 'M'),
(391, 1298, 'L'),
(391, 1299, 'XL'),
(392, 1300, 'OS'),
(393, 1301, 'OS'),
(394, 1302, 'XS'),
(394, 1303, 'S'),
(394, 1304, 'M'),
(394, 1305, 'L'),
(394, 1306, 'XL'),
(395, 1307, 'XS'),
(395, 1308, 'S'),
(395, 1309, 'M'),
(395, 1310, 'L'),
(395, 1311, 'XL'),
(396, 1312, 'XS'),
(396, 1313, 'S'),
(396, 1314, 'M'),
(397, 1315, 'OS'),
(397, 1316, 'XS'),
(397, 1317, 'S'),
(397, 1318, 'M'),
(397, 1319, 'L'),
(397, 1320, 'XL'),
(398, 1321, 'XS'),
(398, 1322, 'M'),
(398, 1323, 'L'),
(399, 1324, 'XS'),
(399, 1325, 'S'),
(399, 1326, 'M'),
(399, 1327, 'L'),
(399, 1328, 'XL'),
(400, 1329, 'XS'),
(400, 1330, 'L'),
(401, 1331, 'OS'),
(402, 1332, 'XS'),
(402, 1333, 'S'),
(402, 1334, 'M'),
(402, 1335, 'L'),
(402, 1336, 'XL'),
(403, 1337, 'XS'),
(403, 1338, 'M'),
(403, 1339, 'L'),
(404, 1340, 'XS'),
(404, 1341, 'M'),
(405, 1342, 'XS'),
(406, 1343, 'OS'),
(407, 1344, 'XS'),
(407, 1345, 'S'),
(407, 1346, 'M'),
(407, 1347, 'L'),
(407, 1348, 'XL'),
(408, 1349, 'XS'),
(408, 1350, 'S'),
(408, 1351, 'M'),
(408, 1352, 'L'),
(408, 1353, 'XL'),
(409, 1354, 'XS'),
(409, 1355, 'M'),
(409, 1356, 'L'),
(409, 1357, 'XL'),
(410, 1358, 'OS'),
(411, 1359, 'XS'),
(411, 1360, 'S'),
(411, 1361, 'M'),
(411, 1362, 'L'),
(411, 1363, 'XL');

-- --------------------------------------------------------

--
-- Table structure for table `ssubcategory`
--

CREATE TABLE IF NOT EXISTS `ssubcategory` (
  `typeID` int(30) NOT NULL,
  `catID` int(30) NOT NULL,
  `subcatID` int(30) NOT NULL,
  `SsubID` int(30) NOT NULL AUTO_INCREMENT,
  `Title` varchar(255) NOT NULL,
  `Price` int(11) NOT NULL,
  `description` text NOT NULL,
  `img` varchar(255) NOT NULL,
  `available_quantity` int(11) NOT NULL,
  `model` varchar(100) NOT NULL,
  `color` varchar(100) NOT NULL,
  `material` varchar(100) NOT NULL,
  `date` date NOT NULL,
  PRIMARY KEY (`SsubID`)
) ENGINE=MyISAM  DEFAULT CHARSET=utf8 AUTO_INCREMENT=412 ;

--
-- Dumping data for table `ssubcategory`
--

INSERT INTO `ssubcategory` (`typeID`, `catID`, `subcatID`, `SsubID`, `Title`, `Price`, `description`, `img`, `available_quantity`, `model`, `color`, `material`, `date`) VALUES
(1, 1, 1, 7, 'Black Dress', 200, 'Black Dress - long sleeve.', 'images/dress1.jpg', 197, '2019', 'Black', 'cotton', '2019-01-15'),
(1, 1, 1, 8, 'Red Dress', 300, 'Red Dress - long sleeve.', 'images/dress2.jpg', 188, '2019', 'Red', 'Fabric ', '2018-12-11'),
(1, 1, 1, 9, 'Black Midi Dress Up', 250, 'Black Dress - long sleeves, Midi Dress Up.', 'images/dress3.jpg', 199, '2019', 'black', 'silk', '2019-01-23'),
(1, 1, 1, 10, 'Dark red Dress', 300, 'Dark red Dress - long sleeves, Midi Dress Up.', 'images/dress4.jpg', 194, '2018', 'Dark red', 'cotton', '2019-01-01'),
(1, 1, 1, 11, 'Dark Blue Dress', 200, 'Dark Blue Dress - long sleeves.', 'images/dress5.jpg', 196, '2018', 'Blue', 'Fabric ', '2019-01-01'),
(1, 1, 1, 12, 'Black and yellow Dress', 150, 'Black and yellow Dress - long sleeves,Midi Dress Up.', 'images/dress6.jpg', 197, '2019', 'black', 'Nylon ', '2019-02-01'),
(3, 1, 1, 13, 'White Patterned Dress', 150, 'White Patterned Dress -Midi Dress Up.', 'images/dress7.jpg', 200, '2019', 'White  ', 'silk', '2019-02-11'),
(3, 1, 1, 14, 'Yellow short dress', 250, 'Yellow short dress - sleeveless.', 'images/dress8.jpg', 197, '2018', 'yellow', 'Fabric ', '2019-02-10'),
(3, 1, 1, 15, 'Yellow short dress', 100, 'Yellow short dress -long sleeves.', 'images/dress9.jpg', 197, '2019', 'yellow', 'wool', '2018-12-01'),
(3, 1, 1, 16, 'Pink short dress', 300, 'Pink short dress - sleeveless.', 'images/dress10.jpg', 198, '2019', 'pink', 'Fabric ', '2018-12-01'),
(3, 1, 1, 17, 'Short dress', 100, 'Short dress - long sleeves.', 'images/dress11.jpg', 199, '2019', 'mixed color', 'cotton', '2018-11-15'),
(3, 1, 1, 18, 'Light blue Dress', 350, 'Light blue Dress - Midi Dress Up, long sleeves.', 'images/dress12.jpg', 199, '2018', 'Blue', 'Fabric ', '2019-01-25'),
(1, 4, 11, 19, 'MICHAEL KORS BAG', 1275, 'MICHAEL KORS WOMEN''S MERCER ACCORDION TOTE BAG', 'images/bag1.png', 197, '2019', 'red', 'Leather', '2019-01-28'),
(1, 4, 11, 20, 'KATE SPADE BAG ', 1106, 'KATE SPADE NEW YORK WOMEN''S JACKSON STREET KELEIGH BAG ', 'images/bag2.png', 184, '2019', 'black', 'Leather', '2019-01-15'),
(1, 4, 11, 21, 'TED BAKER', 318, 'TED BAKER WOMEN''S JOSIEY SCRIPTED BOBBLE MATINEE PURSE ', 'images/bag3.png', 199, '2019', 'black', 'Leather', '2019-01-06'),
(1, 4, 11, 22, 'MOSCHINO BAG', 371, 'LOVE MOSCHINO WOMEN''S QUILTED CHAIN SHOULDER BAG', 'images/bag4.png', 198, '2018', 'pink', 'Leather', '2019-01-31'),
(1, 4, 11, 23, 'FURLA BAG', 1160, 'FURLA WOMEN''S METROPOLIS SMALL CROSS BODY BAG', 'images/bag5.png', 199, '2018', 'black', 'Leather', '2019-01-31'),
(1, 4, 11, 24, 'TED BAKER BAG', 200, 'TED BAKER WOMEN''S ALMACON BOW DETAIL LARGE ICON BAG', 'images/bag6.png', 196, '2019', 'black', 'Nylon ', '2019-02-02'),
(3, 4, 11, 25, 'ANYA HINDMARCH BAG', 1580, 'ANYA HINDMARCH MINI EYES RIGHT CROSS BODY BAG', 'images/bag7.png', 198, '2018', 'black', 'Leather', '2019-02-08'),
(3, 4, 11, 26, 'TED BAKER BAG', 200, 'TED BAKER  MAYACON COTTON SMALL ICON BAG ', 'images/bag8.png', 196, '2019', 'black', 'Nylon ', '2018-12-30'),
(3, 4, 11, 27, 'RADLEY BAG', 800, 'RADLEY FOUNTAIN ROAD MEDIUM BACKPACK ZIP TOP BAG', 'images/bag9.png', 200, '2018', 'pink', 'Leather', '2019-01-06'),
(3, 4, 11, 28, 'SALAR BAG', 1024, 'SALAR CAROL MULTI BAG - MILK TANGERINE LILAC', 'images/bag10.png', 200, '2018', 'White', 'Leather', '2019-02-15'),
(3, 4, 11, 29, 'BACKPACK BAG', 300, 'FJALLRAVEN KANKEN BACKPACK - NAVY', 'images/bag11.png', 198, '2018', 'Blue', 'Fabric ', '2019-02-10'),
(3, 4, 11, 30, 'DUNE BACKPACK', 1040, 'DUNE DOVEL LARGE ZIP POCKET BACKPACK', 'images/bag12.png', 199, '2019', 'black', 'Leather', '2019-02-07'),
(3, 2, 9, 34, 'pack rings ', 400, 'nice pack rings ', 'images/kids 2 pack rings .JPG', 200, '2019', 'golden rose', 'Metal', '2019-02-04'),
(3, 2, 8, 35, 'kids bow', 150, 'kids bow detail  ', 'images/kids bow detail headband.JPG', 199, '2018', 'brown', 'Plastic', '2019-01-04'),
(3, 2, 8, 36, 'kids Happy Birthday', 150, 'kids bow detail  ', 'images/kids Happy Birthday .JPG', 200, '2019', 'gold', 'Plastic', '2019-02-05'),
(3, 2, 8, 37, 'kids sequin', 150, 'kids sequin bow hair clip  ', 'images/kids sequin bow hair clip .JPG', 199, '2019', 'red', 'Metal', '2019-02-04'),
(3, 2, 8, 38, 'kids slogan scarf', 150, 'kids slogan scarf ', 'images/kids slogan scarf .JPG', 199, '2019', 'pink', 'silk', '2019-02-04'),
(3, 2, 8, 39, 'kids star', 150, 'kids star necklace ', 'images/kids star necklace .JPG', 200, '2019', 'pink', 'Plastic', '2019-02-10'),
(3, 2, 6, 40, 'kids sunglasses', 120, 'kids sunglasses ', 'images/kids sunglasses .JPG', 199, '2018', 'black', 'Plastic', '2019-02-10'),
(3, 2, 8, 41, 'kids tulle', 120, 'kids tulle bow headband  ', 'images/kids tulle bow headband .JPG', 200, '2018', 'Blue', 'Plastic', '2019-02-10'),
(3, 2, 17, 42, 'kids Winter hat', 188, 'kids Winter hat ', 'images/kids Winter hat.JPG', 200, '2018', 'red', 'wool', '2019-02-10'),
(3, 2, 8, 43, 'Pink wristwatch.JPG', 188, 'Pink wristwatch', 'images/Pink wristwatch.JPG', 200, '2019', 'pink', 'Plastic', '2019-02-10'),
(3, 2, 8, 44, 'White watch', 678, 'White watch', 'images/White watch.JPG', 197, '2018', 'White', 'Leather', '2019-02-10'),
(3, 2, 17, 45, 'Winter hat', 68, 'Winter hat', 'images/Winter hat.JPG', 200, '2019', 'mixed color', 'wool', '2019-02-10'),
(1, 2, 14, 46, 'Alegria watch', 100, 'Alegria watch', 'images/Alegria watch .JPG', 200, '2019', 'silver', 'Metal', '2019-02-10'),
(1, 2, 8, 47, 'AAngelic Bracelet', 100, 'Angelic Bracelet', 'images/Angelic Bracelet.JPG', 200, '2019', 'silver', 'Metal', '2019-02-10'),
(1, 2, 8, 48, 'Bella Earrings', 100, 'Bella Earrings', 'images/Bella Earrings .JPG', 200, '2019', 'golden rose', 'Metal', '2019-02-10'),
(1, 2, 8, 49, 'Coin Ring', 100, 'Coin Ring .JPG', 'images/Coin Ring .JPG', 200, '2018', 'gold', 'Metal', '2019-02-10'),
(1, 2, 8, 50, 'Doti neck scarf', 100, 'Doti neck scarf .JPG', 'images/Doti neck scarf .JPG', 200, '2018', 'Beige', 'Fabric ', '2019-02-10'),
(1, 2, 14, 51, 'Ellington watch', 100, 'Ellington watch.JPG', 'images/Ellington watch.JPG', 200, '2019', 'gold', 'Metal', '2019-02-08'),
(1, 2, 8, 52, 'Jewel stone hair grips', 100, 'Jewel stone hair grips .JPG', 'images/Jewel stone hair grips .JPG', 199, '2018', 'gold', 'Metal', '2019-02-08'),
(1, 2, 8, 53, 'multi row bangle', 100, 'multi row bangle ', 'images/multi row bangle .JPG', 200, '2018', 'golden rose', 'Metal', '2019-02-08'),
(1, 2, 8, 54, 'Sport watch', 100, 'Sport watch', 'images/Sport watch.JPG', 199, '2019', 'silver', 'Plastic', '2019-02-08'),
(1, 2, 8, 55, 'Star Hair', 100, 'Star Hair', 'images/Star Hair .JPG', 199, '2019', 'black', 'Metal', '2019-02-08'),
(1, 2, 8, 56, 'sunglasses', 100, 'sunglasses', 'images/sunglasses .JPG', 199, '2019', 'brown', 'Plastic', '2019-02-07'),
(1, 2, 8, 57, 'vintage necklace \r\n+earrings set', 100, 'vintage necklace + earrings set ', 'images/vintage necklace + earrings set .JPG', 200, '2019', 'Blue', 'Metal', '2019-02-07'),
(3, 3, 13, 58, 'Boots black', 180, 'Boots black', 'images/Boots black.JPG', 200, '2018', 'black', 'Leather', '2019-02-07'),
(3, 3, 13, 59, 'Boots', 140, 'Boots ', 'images/Boots .JPG', 200, '2018', 'red', 'cotton', '2019-02-07'),
(3, 3, 13, 60, 'Flat', 170, 'Flat ', 'images/Flat .JPG', 200, '2019', 'mixed color', 'Fabric ', '2019-02-07'),
(3, 3, 13, 61, 'Flat shoe printed.JPG', 500, 'Flat shoe printed ', 'images/Flat shoe printed.JPG', 200, '2018', 'light blue', 'Fabric ', '2019-02-07'),
(3, 3, 13, 62, 'Kids embellished sandal', 700, 'Kids embellished sandal', 'images/Kids embellished sandal.JPG', 199, '2019', 'mixed color', 'Nylon ', '2019-02-07'),
(3, 3, 13, 63, 'Kids ultra flex', 100, 'Kids ultra flex', 'images/Kids ultra flex.JPG', 200, '2019', 'black', 'Fabric ', '2019-01-07'),
(3, 3, 13, 64, 'sandals', 700, 'sandals', 'images/sandals.JPG', 200, '2019', 'Beige', 'Leather', '2019-01-30'),
(3, 3, 13, 65, 'Sneakers ', 400, 'Sneakers', 'images/Sneakers .JPG', 200, '2019', 'White  ', 'Leather', '2019-01-30'),
(3, 3, 13, 66, 'sports', 400, 'sports', 'images/sports .JPG', 200, '2019', 'black', 'Nylon ', '2019-01-30'),
(3, 3, 13, 67, 'Sports Shoes', 400, 'Sports Shoes', 'images/Sports Shoes.JPG', 200, '2018', 'pink', 'Nylon ', '2019-01-30'),
(3, 3, 13, 68, 'youth anti', 500, 'youth anti slip on', 'images/youth anti slip on.JPG', 200, '2018', 'black', 'Leather', '2019-01-30'),
(3, 3, 13, 69, 'youth marice', 500, 'youth marice', 'images/youth marice.JPG', 200, '2018', 'mixed color', 'Leather', '2019-01-30'),
(1, 3, 13, 70, 'Asics', 180, 'Asics', 'images/Asics .JPG', 200, '2019', 'light blue', 'Fabric ', '2019-01-30'),
(1, 3, 13, 71, 'Colette Pump', 150, 'Colette Pump', 'images/Colette Pump .JPG', 197, '2018', 'green', 'Fabric ', '2019-01-30'),
(1, 3, 13, 72, 'Cross over sandals', 190, 'Cross over sandals', 'images/Cross over sandals.jpg', 199, '2019', 'pink', 'Nylon ', '2019-01-30'),
(1, 3, 13, 73, 'Elora Sandals', 190, 'Elora Sandals', 'images/Elora Sandals .JPG', 200, '2019', 'gray', 'Nylon ', '2019-01-30'),
(1, 3, 13, 74, 'Flat shoes', 150, 'Flat shoes', 'images/Flat shoes .JPG', 199, '2018', 'red', 'Fabric ', '2019-01-30'),
(1, 3, 13, 75, 'Hayley Sandal', 170, 'Hayley Sandal', 'images/Hayley Sandal.JPG', 200, '2018', 'orange', 'Nylon ', '2019-01-30'),
(1, 3, 13, 76, 'Jazimn pump', 170, 'Jazimn pump', 'images/Jazimn pump .JPG', 198, '2019', 'Blue', 'Nylon ', '2019-01-30'),
(1, 3, 13, 77, 'Poofy Wedge', 120, 'JPoofy', 'images/Poofy Wedge Sandal .JPG', 200, '2019', 'pink', 'Leather', '2019-01-30'),
(1, 3, 13, 78, 'Pumps ', 190, 'Pumps', 'images/Pumps .JPG', 200, '2018', 'mixed color', 'Leather', '2019-01-28'),
(1, 3, 13, 79, 'Sage Heel  ', 290, 'Sage Heel Sandal', 'images/Sage Heel Sandal .JPG', 200, '2019', 'black', 'Nylon ', '2019-01-28'),
(1, 3, 13, 80, 'Sandal ', 490, 'Sandal ', 'images/Sandal .JPG', 200, '2018', 'pink', 'Fabric ', '2019-01-28'),
(1, 3, 13, 81, 'wedge sandal  ', 790, 'wedge sandal', 'images/wedge sandal .JPG', 199, '2019', 'Blue', 'Fabric ', '2019-01-28'),
(1, 1, 5, 85, 'Orange Skirts', 150, 'Orange Skirt', 'images/Orangeskirt.jpg', 200, '2019', 'orange ', 'Fabric ', '2019-01-28'),
(1, 1, 5, 86, 'Red Skirts', 200, 'Short red skirts', 'images/Redskirt.jpg', 199, '2019', 'red ', 'Leather', '2019-01-28'),
(1, 1, 5, 87, 'black skirt', 250, 'short black skirt', 'images/blackskirt.jpg', 200, '2018', 'black', 'Nylon ', '2019-01-28'),
(3, 1, 5, 89, 'Skirts', 199, 'Short skirt with new style', 'images/skritbk1.jpg', 200, '2019', 'black', 'Fabric ', '2019-01-28'),
(3, 1, 5, 90, 'pink skirt', 150, 'Short pink skirt', 'images/skirtbk2.jpg', 200, '2019', 'pink', 'Fabric ', '2019-01-28'),
(3, 1, 5, 91, 'pink skirt', 150, 'Short pink skirt', 'images/skirtbk3.jpg', 200, '2019', 'pink', 'Nylon ', '2019-02-05'),
(3, 1, 5, 92, 'Black Skirt', 200, 'Short black skirt', 'images/skirtbg4.jpg', 200, '2019', 'black', 'Leather', '2019-02-05'),
(1, 1, 4, 93, 'Burgundy Top\r\n', 130, 'Burgundy Top', 'images/topw1.jpg', 199, '2019', 'red', 'Fabric ', '2019-02-05'),
(1, 1, 4, 94, 'Striped Top', 100, 'Striped Top', 'images/topw2.jpg', 199, '2019', 'red', 'Nylon ', '2019-02-05'),
(1, 1, 4, 95, 'Blue Top', 100, 'Blue Top', 'images/topw3.jpg', 200, '2017', 'purple', 'Fabric ', '2019-02-05'),
(1, 1, 4, 96, 'White Top', 99, 'White Top', 'images/topw4.jpg', 200, '2019', 'White ', 'Fabric ', '2019-02-05'),
(3, 1, 4, 97, 'black and white Striped', 75, 'black and white Striped', 'images/topbk1.jpg', 200, '2019', 'mixed color', 'cotton', '2019-02-05'),
(3, 1, 4, 98, 'White Top', 100, 'White Top', 'images/topbk2.jpg', 200, '2019', 'White ', 'cotton', '2019-02-12'),
(1, 1, 5, 99, 'black skirt', 100, 'Short black skirt', 'images/blackskirt1.jpg', 200, '2017', 'Blue', 'Fabric ', '2019-02-12'),
(3, 1, 4, 100, 'Blue Top', 99, 'Blue Top', 'images/topbk4.jpg', 200, '2018', 'Blue', 'cotton', '2019-02-12'),
(3, 1, 4, 101, 'White Top', 80, 'White Top', 'images/topbk3.jpg', 200, '2019', 'White ', 'cotton', '2019-02-12'),
(1, 1, 3, 103, 'Coats', 122, 'brown Coat', 'images/brown.jpg', 195, '2019', 'brown', 'Fur', '2019-02-11'),
(1, 1, 3, 104, 'Jacket', 99, 'PinkJacket', 'images/PinkJaket.jpg', 198, '2019', 'pink', 'Fabric ', '2019-02-26'),
(1, 1, 3, 105, 'Jackets\r\n', 199, 'black Jacket\r\n', 'images/blackJacket.jpg\r\n', 200, '2019', 'black', 'Leather', '2019-03-04'),
(1, 1, 3, 106, 'Jackets', 200, 'Orange Jacket', 'images/OrangeJacket.jpg', 198, '2019', 'orange', 'Leather', '2019-03-05'),
(1, 1, 3, 109, 'Jackets', 299, 'barbery Jacket', 'images/barberyJacket.jpg', 198, '2019', 'Beige', 'Fabric ', '2019-03-07'),
(1, 1, 3, 110, 'Coats', 75, 'Gray Coats', 'images/Gray.jpg', 195, '2018', 'gray', 'Fabric ', '2019-03-04'),
(1, 1, 3, 111, 'Coats', 99, 'Long Coats', 'images/Orange.jpg', 195, '2019', 'orange', 'Fabric ', '2019-03-05'),
(1, 1, 3, 112, 'Coats', 42, 'Fur Coat', 'images/Fro.jpg', 195, '2018', 'Beige', 'Fur', '2019-03-08'),
(3, 1, 3, 113, 'Jackets', 249, 'Pink Jackets', 'images/PP.jpg', 198, '2019', 'pink', 'wool', '2019-03-04'),
(3, 1, 3, 114, 'Jackets', 199, 'Balck Jackets', 'images/Black.jpg', 198, '2019', 'black', 'Nylon ', '2019-03-05'),
(3, 1, 3, 115, 'Jackets', 59, 'Adidas Jackets', 'images/Adidas.jpg', 198, '2018', 'pink', 'Nylon ', '2019-03-06'),
(3, 1, 3, 116, 'Jackets', 99, 'Flower Jackets', 'images/Flower.jpg', 198, '2019', 'Blue', 'jeans ', '2019-03-06'),
(3, 1, 3, 117, 'Coats', 93, 'Tiger Coats', 'images/GrayBK.jpg', 195, '2018', 'gray', 'cotton', '2019-03-07'),
(3, 1, 3, 118, 'Coats', 200, 'Blue Coats', 'images/Blue.jpg', 195, '2018', 'Blue', 'Nylon ', '2019-03-07'),
(3, 1, 3, 119, 'Coats', 299, 'White Coats', 'images/White.jpg', 195, '2018', 'White', 'Nylon ', '2019-03-06'),
(1, 1, 12, 121, 'Shirts', 50, 'Friends shirts-black', 'images/BlackS.jpg', 199, '2019', 'black', 'cotton', '2019-03-08'),
(1, 1, 12, 122, 'Shirts', 75, 'Pink Shirt', 'images/PinkS.jpg', 199, '2019', 'pink', 'cotton', '2019-03-08'),
(1, 1, 12, 123, 'Shirts', 66, 'Overdressed shirt', 'images/Overdressed.jpg\r\n', 199, '2019', 'pink', 'cotton', '2019-03-08'),
(3, 1, 12, 124, 'Shirts', 30, 'Pink trees shirt', 'images/P.jpg', 199, '2019', 'pink', 'cotton', '2019-03-09'),
(3, 1, 12, 125, 'Shirts', 79, 'T-shirt -Black', 'images/B.jpg\r\n', 199, '2018', 'black', 'Fabric ', '2019-03-03'),
(3, 1, 12, 126, 'Shirts', 99, 'Yellow shirts', 'images/Yelloww.jpg\r\n', 199, '2018', 'yellow', 'cotton', '2019-03-02'),
(3, 1, 3, 127, 'Jackets', 160, ' Embroidered Jacket\r\n', 'images/1.jpg', 198, '2019', 'black', 'Leather', '2019-03-02'),
(3, 1, 3, 128, 'Jackets', 80, 'flower jacket', 'images/2.jpg', 198, '2018', 'gray', 'Nylon ', '2019-03-01'),
(3, 1, 12, 129, 'Shirts', 39, 'white shirt', 'images/W.jpg', 199, '2018', 'White', 'Nylon ', '2019-03-01'),
(3, 1, 3, 130, 'Jacket', 92, 'Green jacket', 'images/3.jpg', 198, '2018', 'green', 'Nylon ', '2019-03-04'),
(3, 1, 3, 131, 'Jacket', 80, 'red jacket', 'images/red.jpg', 198, '2019', 'red', 'Nylon ', '2019-03-04'),
(1, 1, 12, 132, 'shirts', 35, 'Limited Edition shirt', 'images/L.jpg', 199, '2019', 'black', 'cotton', '2019-03-04'),
(1, 1, 12, 133, 'Shirt', 75, 'Je taime shirt', 'images/J.jpg', 200, '2019', 'White', 'Fabric ', '2019-03-04'),
(1, 1, 12, 134, 'Shirt', 90, 'Saturday shirt', 'images/S.jpg', 200, '2018', 'red', 'cotton', '2019-03-02'),
(1, 1, 12, 135, 'Shirt', 45, 'Paris shirt-black', 'images/PPP.jpg', 200, '2018', 'black', 'cotton', '2019-03-03'),
(3, 1, 12, 137, 'shirt', 54, 'bird shirt -white', 'images/bi.jpg', 200, '2017', 'White', 'cotton', '2019-03-01'),
(3, 1, 12, 138, 'shirt', 90, 'dont forget shirt', 'images/do.jpg', 200, '2018', 'White', 'cotton', '2019-03-02'),
(3, 1, 12, 139, 'shirt', 76, 'Supergirl shirt', 'images/Su.jpg', 200, '2019', 'pink', 'cotton', '2019-03-02'),
(3, 1, 12, 140, 'shirt', 70, 'Lacoste shirt', 'images/LA.jpg', 200, '2018', 'pink', 'cotton', '2019-03-05'),
(1, 1, 1, 144, 'Black and pink ', 250, 'Black and pink dress - long sleeves\r\n', 'images/dress13.jpg', 199, '2019', 'Black and pink', 'silk', '2019-03-03'),
(1, 4, 11, 143, 'Black bag', 400, 'Black bag - leather.', 'images/bag13.jpg', 200, '2019', 'black', 'leather', '2019-03-03'),
(1, 1, 5, 146, 'white skirt', 150, 'long white skirt', 'images/s8.jpg', 200, '2019', 'white', 'cotton', '2019-03-05'),
(1, 1, 5, 147, 'pink skirts', 200, 'short pink skirt', 'images/s5.jpg', 200, '2019', 'pink', 'Fabric ', '2019-03-05'),
(1, 1, 1, 154, 'lace midi-length dress', 360, 'light blue lace midi-length dress.', 'images/dress14.jpeg', 200, '2018', 'blue', 'Lace', '2019-03-06'),
(1, 2, 7, 155, 'Crystal earrings ', 85, 'Secure bullet stud closure ', 'images/wa2.JPG', 200, '2019', 'Green-Navy ', 'Textile and metal ', '2019-03-07'),
(1, 2, 7, 156, 'Sommerset earrings', 70, 'Delicately crystal embellished outer edge ', 'images/wa1.JPG', 200, '2018', 'Silver ', 'Metal ', '2019-03-07'),
(1, 2, 8, 157, 'latisha choker ', 90, 'Inspired by flowers ', 'images/wa3.JPG', 200, '2019', 'Silver ', 'Metal ', '2019-03-07'),
(1, 2, 7, 158, 'green earrings ', 105, 'Two clear crystals embellished with pave and rhodium plating ', 'images/wa4.JPG', 200, '2018', 'Silver/green ', 'Metal ', '2019-03-07'),
(1, 2, 14, 160, 'Black watch ', 140, 'Round dial set on stainless steel case ', 'images/wa5.JPG', 199, '2018', 'Black ', 'Stainless steel', '2019-03-07'),
(1, 2, 14, 161, 'A golden watch ', 65, 'Smooth gold-tone linked metal strap', 'images/wa6.JPG', 200, '2017', 'Gold ', 'Metal ', '2019-03-07'),
(1, 2, 14, 162, 'Red watch ', 95, 'Round dial set on stainless steel case', 'images/wa7.JPG', 199, '2018', 'Red', 'Synthetic', '2019-03-07'),
(1, 2, 6, 163, 'Round bar sunglasses', 130, 'Molded nose pads for comfortable fit', 'images/wa8.JPG', 199, '2018', 'Black ', 'Metal and Synthetic', '2019-03-07'),
(1, 2, 15, 164, 'Scarf ', 75, 'Ultra-soft,warm knitted acrylic fabric', 'images/wa9.JPG', 200, '2018', 'Grey', 'Acrylic', '2019-03-07'),
(1, 2, 15, 165, 'Square Scarf ', 180, 'Ultra-soft, warm knitted acrylic fabric', 'images/wa10.JPG', 200, '2019', 'Brown-Black', 'Acrylic', '2019-03-07'),
(1, 2, 15, 166, 'Afiradda gloves ', 75, 'Soft faux fur lining', 'images/wa11.JPG', 200, '2018', 'Grey', 'Polyester ', '2019-03-07'),
(1, 2, 16, 167, 'Stone cuff bracelet ', 105, 'Shining rose-gold plated stainless steal cuffs ', 'images/wa12.JPG', 200, '2018', 'Gold ', 'Metal ', '2019-03-07'),
(1, 1, 1, 168, 'Long red dress', 100, 'long red dress with folded layers pattern.', 'images/dress15.jpg', 200, '2018', 'Red', 'Nylon', '2019-03-07'),
(1, 1, 5, 169, 'blue skirt', 199, 'solid color', 'images/s1.jpg', 200, '2019', 'blue', 'jeans', '2019-03-07'),
(1, 1, 5, 170, 'long skirt', 100, 'High Waist Solid Skirt', 'images/s2.jpg', 200, '2019', 'blue', 'jeans', '2019-03-07'),
(1, 1, 5, 171, 'long blue skirt', 150, 'long skirt', 'images/s3.jpg', 200, '2019', 'blue', 'jeans', '2019-03-07'),
(1, 1, 5, 172, 'short black skirt', 200, 'short black skirt', 'images/s10.jpg', 200, '2019', 'black', 'cotton', '2019-03-07'),
(1, 1, 5, 173, 'red skirt', 200, 'High Waist Solid Skirt', 'images/s16.jpg', 199, '2019', 'red', 'cotton', '2019-03-07'),
(1, 1, 5, 175, 'short gray skirt', 199, 'short skirt', 'images/s13.jpg', 200, '2019', 'gray', 'cotton', '2019-03-07'),
(3, 1, 5, 176, 'skirt', 199, 'short black skirt', 'images/sbk2.jpg', 200, '2019', 'black', 'jeans', '2019-03-07'),
(3, 1, 5, 177, 'short skirt', 200, 'short skirt', 'images/sbk3.jpg', 200, '2019', 'Blue', 'jeans', '2019-03-07'),
(3, 1, 5, 178, 'blue skirts', 120, 'blue skirt', 'images/sbk4.jpg', 200, '2019', 'blue', 'jeans', '2019-03-07'),
(3, 1, 5, 179, 'short blue skirt', 100, 'short skirt', 'images/sbk5.jpg', 200, '2019', 'blue', 'jeans', '2019-03-07'),
(3, 1, 5, 180, 'cotton skirt', 80, 'short skirt', 'images/sbk7.jpg', 200, '2019', 'black', 'cotton', '2019-03-07'),
(3, 1, 5, 181, 'short skirts', 150, 'short black skirt', 'images/sbk13.jpg', 200, '2019', 'silver', 'Fabric ', '2019-03-07'),
(3, 1, 5, 182, 'short blue skirts', 199, 'short blue skirt', 'images/sbk12.jpg', 200, '2019', 'blue', 'fabric', '2019-03-07'),
(3, 1, 5, 183, 'pleated skirt', 200, 'short black skirt', 'images/sbk15.jpg', 200, '2019', 'black', 'cotton', '2019-03-07'),
(1, 3, 13, 184, 'Reebok ', 300, 'Reflective elements for visibility in low-light', 'images/ws1.JPG', 199, '2019', 'Grey-Purple', 'Textile', '2019-03-07'),
(1, 3, 13, 185, 'Flat sandal ', 199, 'Slightly cushioned footbed for comfortable fit', 'images/ws2.JPG', 200, '2018', 'Black ', 'Synthetic', '2019-03-07'),
(1, 3, 13, 186, 'Sling back pums ', 199, 'Slightly cushioned footbed for comfort', 'images/ws3.JPG', 200, '2017', 'Black ', 'Synthetic', '2019-03-07'),
(1, 3, 13, 187, 'Hacienda casual flat sandal ', 115, 'Contoured footbed for added grip', 'images/ws4.JPG', 200, '2018', 'Multicolor', 'Synthetic', '2019-03-07'),
(1, 3, 13, 188, 'Coco pump', 160, 'Faux-suede feel, soft textile upper', 'images/ws8.JPG', 199, '2019', 'Black-Pale Pink', 'Synthetic', '2019-03-07'),
(1, 3, 13, 189, 'Sabah bow slip ', 120, 'Smooth suede feel textile upper', 'images/ws5.JPG ', 200, '2019', 'Brown', 'Synthetic', '2019-03-07'),
(1, 3, 13, 190, 'Annalisa embellished slipon', 250, 'Slightly cushioned footbed for added comfort', 'images/ws6.JPG', 200, '2019', 'Black', 'Synthetic', '2019-03-07'),
(1, 3, 13, 191, 'BED room slippers ', 155, 'Soft velvet textile upper', 'images/ws12.JPG', 200, '2019', 'Grey', 'Synthetic', '2019-03-07'),
(1, 3, 13, 192, 'Figosa slipon', 110, 'Slightly cushioned footbed for added comfort', 'images/ws9.JPG', 200, '2018', 'Red', 'Synthetic', '2019-03-07'),
(1, 3, 13, 193, 'Asics-GEL-Rocket 8', 345, 'Breathable and lightweight textile mesh upper', 'images/ws11.JPG', 200, '2019', 'Magenta', 'Rubber', '2019-03-07'),
(1, 3, 13, 194, 'Zoey heel pump ', 189, 'Glossy finish synthetic upper', 'images/ws7.JPG', 199, '2019', 'white', 'Synthetic', '2019-03-07'),
(1, 3, 13, 195, 'Nike ', 280, 'Eyelets with lace up closure for snug fit', 'images/ws10.JPG', 200, '2018', 'Dark Purple-Black', 'Rubber', '2019-03-07'),
(3, 2, 16, 196, 'kida Bunny charm bracelet ', 40, 'Suspended from a bold cord with gold chain', 'images/ka3.JPG', 200, '2018', 'Multicolor', 'Metal & Textile ', '2019-03-07'),
(3, 2, 16, 197, 'Kids 3 pack words bracelets', 55, '3 forms of letters bracelet', 'images/ka4.JPG', 199, '2018', 'Pink ', 'Metal ', '2019-03-07'),
(3, 2, 15, 198, 'Under Armour', 70, 'Soft faux fur lining', 'images/ka8.JPG', 199, '2019', 'Pink ', 'Hand made', '2019-03-07'),
(3, 3, 13, 199, 'ASICS - Patriot 10 G', 130, 'Eyelets with lace up closure for snug fit', 'images/ks5 .JPG', 200, '2018', 'Peach', 'Rubber', '2019-03-07'),
(3, 3, 13, 200, 'VANS', 110, 'Genuine suede upper with synthetic overlays', 'images/ks8.JPG', 200, '2018', 'Rose Pink', 'Rubber', '2019-03-07'),
(3, 3, 13, 201, 'ADIDAS ', 135, 'Open toe and easy slip-on style', 'images/ks4.JPG', 200, '2019', 'Pink ', 'Rubber', '2019-03-07'),
(3, 3, 13, 202, 'Kids Minnie Mouse Slyde', 109, 'Lightweight and durable rubber upper', 'images/ks7.JPG', 200, '2018', 'Pink - Purple', 'Rubber', '2019-03-07'),
(3, 3, 13, 203, 'adidas', 100, 'Breathable and stretchy textile mesh upper', 'images/ks6.JPG ', 200, '2018', 'White', 'Rubber', '2019-03-07'),
(3, 3, 13, 204, 'Youth Star Applique Sneaker', 125, 'Eyelets with secure lace-up closure', 'images/ks2.JPG', 200, '2018', 'Red', 'Rubber', '2019-03-07'),
(3, 3, 13, 205, 'PUMA', 133, 'Elasticated lace ups for easy wear', 'images/ks11.JPG', 200, '2019', 'Beige', 'Rubber', '2019-03-07'),
(3, 3, 13, 206, 'Kids Metallic Sneaker', 120, 'Thick protective foxing around midsole', 'images/ks1.JPG', 200, '2018', 'Metallic Pink', 'Rubber', '2019-03-07'),
(3, 3, 13, 207, 'NIKE', 120, 'Eyelets with secure lacing system', 'images/ks9.JPG', 200, '2018', 'Black & white', 'Synthetic', '2019-03-07'),
(3, 3, 13, 208, 'Skechers', 205, 'Durable textile upper with synthetic inserts', 'images/ks12.JPG', 200, '2018', 'Multicolor', 'Rubber', '2019-03-07'),
(3, 3, 13, 209, 'Reserved ', 115, 'Textured and durable synthetic upper', 'images/ks10 .JPG', 200, '2019', 'Gold ', 'Synthetic', '2019-03-07'),
(3, 3, 13, 210, 'PUMA-Youth popcat ', 85, 'Quick drying with padded linung ', 'images/ks3.JPG', 200, '2019', 'Pink ', 'Synthetic', '2019-03-07'),
(1, 1, 1, 211, 'Dress with neck collar ', 120, 'Dress with long sleeves and neck collar.', 'images/dress16.jpg', 200, '2019', 'pink', 'Fabric', '2019-03-07'),
(1, 1, 1, 212, 'Long green dress', 150, 'Long green dress with long sleeves.', 'images/dress17.jpg', 199, '2019', 'green', 'Fabric', '2019-03-07'),
(1, 1, 1, 213, 'Gray dress', 200, 'Long gray dress with belt.', 'images/dress18.jpg', 199, '2019', 'gray', 'cotton', '2019-03-07'),
(3, 2, 17, 214, 'Gymboree', 70, 'Leather Hat', 'images/ka1.JPG', 200, '2017', 'Gold ', 'Leather', '2019-03-07'),
(3, 2, 18, 215, 'Kids 3 pack hair ties', 45, 'pack of 3 hair ties', 'images/ka2.JPG', 199, '2019', 'Multicolor', 'Textile & synthetic', '2019-03-07'),
(3, 2, 18, 216, '3 pack hair ', 55, '3 pack hair ', 'images/ka5.JPG', 200, '2018', 'Multicolor', 'Textile & synthetic', '2019-03-07'),
(3, 2, 18, 217, 'kids 6 pack flower ', 50, 'kids 6 pack flower hair ', 'images/ka6.JPG', 198, '2018', 'Multicolor', 'Textile & synthetic', '2019-03-07'),
(3, 2, 18, 218, 'kids ohanna hair band ', 40, 'set of hairband and 2 clips ', 'images/ka7.JPG', 200, '2018', 'Black ', 'Textile & synthetic', '2019-03-07'),
(3, 2, 18, 219, 'kids 2 pack bow hair ', 45, 'Secure clip closure ', 'images/ka9.JPG', 199, '2018', 'Pink - blue', 'Textile & metal', '2019-03-07'),
(1, 1, 1, 220, 'Midi Dress Up', 200, 'Black Dress - long sleeves,Midi Dress Up.', 'images/dress19.jpg', 198, '2018', 'black', 'cotton', '2019-03-07'),
(3, 2, 18, 221, 'kids pom pom hairband ', 35, 'Dual colour pom-poms details', 'images/ka10 .JPG', 200, '2018', 'Black ', 'Polyester ', '2019-03-07'),
(3, 2, 17, 222, 'Little popcorn cap ', 65, 'Little popcorn cap ', 'images/ka11.JPG', 200, '2019', 'heavenly', 'Polyester ', '2019-03-07'),
(1, 1, 1, 223, 'Short green dress', 250, 'A shiny green dress with a high neck', 'images/dress20.jpg', 200, '2019', 'green', 'Nylon', '2019-03-07'),
(3, 2, 18, 224, 'kids 3 pack hair clips', 35, 'kids 3 pack hair clips', 'images/ka12.JPG', 200, '2018', 'Multicolor', 'Polyester ', '2019-03-07'),
(1, 1, 1, 225, 'Short red dress', 250, 'Short red dress with belt on the waist.', 'images/dress21.jpg', 200, '2019', 'Red', 'Fabric', '2019-03-07'),
(1, 1, 1, 226, 'Short pink dress', 190, 'Short pink dress with long sleeve.', 'images/dress22.jpg', 200, '2019', 'pink', 'cotton', '2019-03-07'),
(1, 1, 1, 227, 'Long gray dress', 300, 'Long wool gray dress.', 'images/dress23.jpg', 200, '2019', 'gray', 'wool', '2019-03-07'),
(1, 1, 1, 228, 'green dress', 350, 'Short green dress with pearl beads.', 'images/dress24.jpg', 200, '2018', 'green', 'cotton', '2019-03-07'),
(1, 1, 1, 229, 'Short yellow dress', 300, 'Short yellow dress - long sleeves.', 'images/dress25.jpg', 200, '2019', 'yellow', 'cotton', '2019-03-07'),
(1, 1, 1, 230, 'Blue dress', 180, 'Long blue dress -long sleeves.', 'images/dress26.jpg', 199, '2018', 'blue', 'Fabric', '2019-03-07'),
(1, 1, 4, 231, 'blue tops', 200, 'blue top', 'images/t1.jpg', 200, '2019', 'blue', 'cotton', '2019-03-08'),
(1, 1, 4, 232, 'Long Sleeve Top', 100, 'Long Sleeve white top', 'images/t2.jpg', 200, '2019', 'white', 'cotton', '2019-03-08'),
(1, 1, 4, 233, 'lace top sleeve', 199, 'Solid Color Lace Flare Sleeve Top', 'images/t4.jpg', 199, '2019', 'blue', 'lace', '2019-03-08'),
(1, 1, 4, 234, 'openwork lace stitching', 200, 'Large size openwork lace stitching in a long V-neck loose white shirt', 'images/t5.jpg', 200, '2019', 'white', 'lace', '2019-03-08'),
(1, 1, 4, 235, 'Patchwork Lace Top', 199, 'Stylish Patchwork Lace Top', 'images/t6.jpg', 200, '2019', 'white', 'silk', '2019-03-08'),
(1, 1, 4, 236, 'Neck Ruffles Top', 199, 'Patchwork Turtle Neck Ruffles Fashion Top', 'images/t7.jpg', 200, '2019', 'black', 'cotton', '2019-03-08'),
(1, 1, 4, 237, 'Sleeve Square Neck Top', 199, 'Slim Long Batwing Sleeve Square Neck Top', 'images/t8.jpg', 200, '2019', 'white', 'cotton', '2019-03-08'),
(1, 1, 4, 238, 'white tops', 150, 'Patchwork Flare Sleeve Slim Bow Decor Top', 'images/t10.jpg', 200, '2019', 'white', 'lace', '2019-03-08'),
(3, 1, 4, 239, 'short-sleeved top', 100, 'short-sleeved', 'images/tbk2.jpg', 200, '2019', 'white', 'cotton', '2019-03-08'),
(3, 1, 4, 240, 'striped tops', 100, 'striped top', 'images/tbk6.jpg', 200, '2019', 'white & pink', 'cotton', '2019-03-08'),
(3, 1, 4, 241, 'Gray Top', 100, 'Gray Top', 'images/tbk7.jpg', 200, '2019', 'gray', 'cotton', '2019-03-08'),
(3, 1, 4, 242, 'pink top', 100, 'pink top', 'images/tbk9.jpg', 200, '2019', 'pink', 'silk', '2019-03-08'),
(3, 1, 4, 243, 'short-sleeved tops', 100, 'short-sleeved top', 'images/tbk15.jpg', 200, '2019', 'white', 'cotton', '2019-03-08'),
(3, 1, 4, 244, 'black tops', 99, 'black top', 'images/tbk11.jpg', 200, '2019', 'black', 'cotton', '2019-03-08'),
(3, 1, 4, 245, 'gray tops', 99, 'gray tops', 'images/tbk10.jpg', 200, '2019', 'gray', 'cotton', '2019-03-08'),
(3, 1, 4, 246, 'black top', 99, 'black top', 'images/tbk12.jpg', 200, '2019', 'black', 'cotton', '2019-03-08'),
(3, 1, 4, 247, 'white short-sleeved tops', 99, 'white tops', 'images/tbk8.jpg', 200, '2019', 'white', 'cotton', '2019-03-08'),
(3, 1, 1, 248, 'long dress', 200, 'Long red dress with belt.', 'images/dress27.jpg', 199, '2019', 'red', 'cotton', '2019-03-08'),
(3, 1, 1, 249, 'Short blue dress', 150, 'Blue short striped dress.', 'images/dress28.jpg', 200, '2019', 'blue', 'Fabric', '2019-03-08'),
(3, 1, 1, 250, 'Short black dress', 250, 'Short black dress with long sleeves.', 'images/dress29.jpg', 200, '2019', 'black', 'Fabric', '2019-03-08'),
(3, 1, 1, 251, 'Long white dress', 300, 'Long white dress with long sleeves.', 'images/dress30.jpg', 199, '2019', 'white', 'Fabric', '2019-03-08'),
(3, 1, 1, 252, 'Cotton dress', 250, 'Short blue dress with short sleeves.', 'images/dress31.jpg', 200, '2018', 'blue', 'cotton', '2019-03-08'),
(3, 1, 1, 253, 'Fabric black dress', 200, 'Short black dress with long sleeves.', 'images/dress32.jpg', 200, '2019', 'black', 'Fabric', '2019-03-08'),
(3, 1, 1, 254, 'Short cotton dress', 150, 'short black cotton dress with short sleeves', 'images/dress33.jpg', 200, '2019', 'black', 'cotton', '2019-03-08'),
(3, 1, 1, 255, 'yellow dress with neck collar', 300, 'Short yellow dress with neck collar.', 'images/dress34.jpg', 200, '2019', 'yellow', 'Fabric ', '2019-03-08'),
(3, 1, 1, 256, 'blue lace dress ', 300, 'blue lace midi-length dress with long sleeves.', 'images/dress35.jpg', 200, '2019', 'blue', 'Lace', '2019-03-08'),
(3, 1, 1, 257, 'Neck collar & white lace dress', 300, 'Neck collar & white lace dress with long sleeves.', 'images/dress36.jpg', 194, '2019', 'black', 'Fabric', '2019-03-08'),
(3, 1, 1, 258, 'Red Dotted Dress', 250, 'A short red short-sleeved dress.', 'images/dress37.jpg', 199, '2019', 'red', 'silk', '2019-03-08'),
(3, 1, 1, 259, 'Short sleeves dress', 300, 'A short gray dress with a thin red belt and short sleeves.', 'images/dress38.jpg', 200, '2019', 'gray', 'cotton', '2019-03-08'),
(3, 1, 1, 260, 'Dark blue short dress', 130, 'Short blue dress with belt and long sleeves.', 'images/dress39.jpg', 200, '2018', 'black', 'Fabric', '2019-03-08'),
(3, 1, 1, 261, 'Pink midi-length dress', 250, 'Pink midi-length dress with short sleeves.', 'images/dress40.jpg', 200, '2019', 'pink', 'Fabric', '2019-03-08'),
(1, 4, 11, 262, 'Waist bag', 120, 'Waist black fabric bag.', 'images/bag14.jpg', 200, '2019', 'black', 'Fabric', '2019-03-08'),
(1, 4, 11, 263, 'White backpack', 200, 'Black backpack with black print.', 'images/bag15.jpg', 200, '2019', 'white', 'leather', '2019-03-08'),
(1, 4, 11, 264, 'Yellow bag', 150, 'Yellow fabric bag.', 'images/bag16.jpg', 200, '2019', 'yellow', 'Fabric', '2019-03-08'),
(1, 4, 11, 265, 'Wallet Cards', 200, 'Black wallet cards.', 'images/bag17.jpg', 200, '2019', 'black', 'leather', '2019-03-08'),
(1, 4, 11, 266, 'Pink bag', 300, 'Pink cross body bag', 'images/bag18.jpg ', 200, '2018', 'pink', 'leather', '2019-03-08'),
(1, 4, 11, 267, 'Fur cross body bag', 300, 'Yellow fur cross body bag', 'images/bag19.jpg', 200, '2018', 'yellow', 'Fur', '2019-03-08'),
(1, 4, 11, 268, 'Pink backpack', 250, 'Pink backpack - Fabric.', 'images/bag20.jpg', 199, '2018', 'pink', 'Fabric', '2019-03-08'),
(1, 4, 11, 269, 'Black fur backpack', 300, 'Black fur backpack - one size.', 'images/bag21.jpg', 200, '2019', 'black', 'Fur', '2019-03-08'),
(1, 4, 11, 270, 'Fabric white bag', 100, 'Fabric white bag - one size.', 'images/bag22.jpg', 200, '2019', 'white', 'Fabric', '2019-03-08'),
(1, 4, 11, 271, 'Blue bag', 250, 'Blue leather bag.', 'images/bag23.jpg', 200, '2019', 'blue', 'leather', '2019-03-08'),
(1, 4, 11, 272, 'Leather wallet', 200, 'light blue leather wallet', 'images/bag24.jpg', 200, '2019', 'light blue', 'leather', '2019-03-08'),
(1, 4, 11, 273, 'Red leather walled', 250, 'Red leather walled.', 'images/bag25.jpg', 200, '2018', 'red', 'leather', '2019-03-08'),
(1, 4, 11, 274, 'Fabric pink bag', 150, 'Fabric pink bag - two sizes.', 'images/bag26.jpg', 200, '2019', 'pink', 'Fabric', '2019-03-08'),
(3, 4, 11, 275, 'Striped backpack', 150, 'Striped backpack - white and gray.', 'images/bag27.jpg', 200, '2019', 'white', 'Fabric', '2019-03-08'),
(3, 4, 11, 276, 'Gray bag', 300, 'Gray nylon bag.', 'images/bag28.jpg', 199, '2018', 'gray', 'Nylon', '2019-03-08'),
(3, 4, 11, 277, 'Wallet', 150, 'Wallet - three colors.', 'images/bag29.jpg', 200, '2019', 'mixed color', 'leather', '2019-03-08'),
(3, 4, 11, 278, 'Leather backpack', 300, 'Leather pink backpack', 'images/bag30.jpg', 201, '2019', 'pink', 'leather', '2019-03-08'),
(3, 4, 11, 279, 'Black fabric bag', 100, 'Black fabric bag with white image.', 'images/bag31.jpg', 200, '2019', 'black', 'Fabric', '2019-03-08'),
(3, 4, 11, 280, 'Leather black backpack', 350, 'Leather black backpack - one size.', 'images/bag32.jpg', 200, '2019', 'black', 'leather', '2019-03-08'),
(3, 4, 11, 281, 'Fabric gray bag', 120, 'Fabric gray bag with white lines.', 'images/bag33.jpg', 200, '2018', 'gray', 'Fabric', '2019-03-08'),
(3, 4, 11, 282, 'White & pink fabric backpack', 250, 'White & pink fabric backpack. ', 'images/bag34.jpg', 200, '2019', 'mixed color', 'Fabric', '2019-03-08'),
(3, 4, 11, 283, 'Small backpack', 300, 'Small black & gray backpack.', 'images/bag35.jpg', 200, '2019', 'black', 'Fabric', '2019-03-08'),
(3, 4, 11, 284, 'Gray wallet', 250, 'Gray Nylon wallet.', 'images/bag36.jpg ', 200, '2019', 'gray', 'Nylon', '2019-03-08'),
(3, 4, 11, 285, 'Small cross body bag', 300, 'Small cross body bag - pink color.', 'images/bag37.jpg', 200, '2019', 'pink', 'Fabric', '2019-03-08'),
(3, 4, 11, 286, 'White waist bag', 350, 'White waist bag - one size.', 'images/bag38.jpg', 200, '2019', 'white', 'Nylon', '2019-03-08'),
(3, 4, 11, 287, 'Backpack', 200, 'White & gray backpack - one color.', 'images/bag39.jpg', 200, '2019', 'mixed color', 'Fabric', '2019-03-08'),
(3, 4, 11, 288, 'Pink wallet', 200, 'Pink fur wallet.', 'images/bag40.jpg', 200, '2018', 'pink', 'Fur', '2019-03-08'),
(1, 1, 5, 289, 'Midi Skirt', 199, 'Midi Skirt', 'images/s9.jpg', 200, '2019', 'gray', 'cotton', '2019-03-08'),
(1, 1, 5, 290, 'High Waist Skirt', 199, 'High Waist Criss Cross Skirt', 'images/s4.jpg', 200, '2019', 'blue', 'jeans', '2019-03-08'),
(1, 1, 5, 291, 'Dark Red Skirt', 200, 'Dark Red Skirt', 'images/s15.jpg', 198, '2019', 'red', 'silk', '2019-03-08'),
(1, 1, 5, 292, 'High Waist skirts', 100, 'High Waist skirt', 'images/s6.jpg', 200, '2019', 'blue', 'jeans', '2019-03-08'),
(1, 1, 5, 293, 'skirt button fashion', 199, 'high waist skirt skirt button fashion', 'images/s7.jpg', 200, '2019', 'blue', 'jeans', '2019-03-08'),
(1, 1, 5, 294, 'Solid Color Skirts', 199, 'High Waist Solid Color', 'images/s11.jpg', 200, '2019', 'black', 'cotton', '2019-03-08'),
(1, 1, 5, 295, 'Criss Cross Skirt', 100, 'High Waist Criss Cross Skirt', 'images/s12.jpg', 200, '2019', 'blue', 'jeans', '2019-03-08'),
(1, 1, 5, 296, 'blue high waist skirt', 199, 'blue high waist skirt', 'images/s14.jpg', 200, '2019', 'blue', 'jeans', '2019-03-08'),
(3, 1, 5, 297, 'short black skirts', 100, 'short black skirt', 'images/sbk2.jpg', 200, '2019', 'black', 'jeans', '2019-03-09'),
(3, 1, 5, 298, 'short gray skirts', 99, 'short gray skirt', 'images/sbk6.jpg', 200, '2019', 'gray', 'jeans', '2019-03-09'),
(3, 1, 5, 299, 'dirty white skirt', 199, 'short dirty white skirt', 'images/sbk8.jpg', 200, '2019', 'dirty white', 'silk', '2019-03-09'),
(3, 1, 5, 300, 'black skirts', 100, 'short black skirt', 'images/sbk9.jpg', 200, '2019', 'black', 'silk', '2019-03-09'),
(3, 1, 5, 301, 'Pleated Skirts', 199, 'Pleated Skirt Fashion High Waisted Skirt', 'images/sbk10.jpg', 200, '2019', 'black', 'cotton', '2019-03-09'),
(3, 1, 5, 302, 'Black High Waist Skirt', 200, 'High Waist Plaid Pattern Fashion Skirt', 'images/sbk11.jpg', 200, '2019', 'black', 'cotton', '2019-03-09'),
(3, 1, 5, 303, 'Black High Waist Skirts', 199, 'Black High Waist Skirts', 'images/sbk14.jpg', 200, '2019', 'black', 'cotton', '2019-03-09'),
(3, 1, 5, 304, 'short jeans skirt', 100, 'short jeans skirt', 'images/sbk1.jpg', 200, '2019', 'blue', 'jeans', '2019-03-09'),
(1, 1, 4, 305, 'Black Tiger Top', 199, 'Black Tiger Top', 'images/t3.jpg', 200, '2019', 'black', 'Velvet', '2019-03-09'),
(1, 1, 4, 306, 'One Shoulder Top', 200, 'One Shoulder Top', 'images/t9.jpg', 200, '2019', 'white', 'cotton', '2019-03-09'),
(1, 1, 4, 307, 'solid color top', 200, 'solid black color top', 'images/t12.jpg', 200, '2019', 'black', 'cotton', '2019-03-09'),
(1, 1, 4, 308, 'Top', 100, 'green top', 'images/t13.jpg', 198, '2019', 'green', 'silk', '2019-03-09'),
(1, 1, 4, 309, 'pink tops', 200, 'pink top', 'images/t14.jpg', 200, '2019', 'pink', 'cotton', '2019-03-09'),
(1, 1, 4, 310, ' Short Sleeve Top', 200, 'Slash Neck Short Sleeve Solid Color All Match Top', 'images/t15.jpg', 200, '2019', 'black', 'cotton', '2019-03-09'),
(1, 1, 4, 311, 'Cascading Ruffle Top', 150, 'Cascading Ruffle Button Long Sleeve Top', 'images/t16.jpg', 200, '2019', 'pink', 'silk', '2019-03-09'),
(1, 1, 4, 312, 'Long-sleeved Top', 120, 'Long-sleeved Top', 'images/top11.jpg', 200, '2019', 'white', 'cotton', '2019-03-09'),
(3, 1, 4, 313, 'Short Sleeve Tops', 100, 'Short Sleeve Tops', 'images/bkt1.jpg', 200, '2019', 'pink', 'cotton', '2019-03-09'),
(3, 1, 4, 314, 'Long Top', 99, 'Gray top', 'images/tbk1.jpg', 200, '2019', 'gray', 'cotton', '2019-03-09'),
(3, 1, 4, 315, 'Tops', 99, 'wite top', 'images/tbk3.jpg', 200, '2019', 'white', '', '2019-03-09'),
(3, 1, 4, 316, 'Black Short Sleeve', 99, 'Black Short Sleeve', 'images/tbk4.jpg', 200, '2019', 'black', 'cotton', '2019-03-09'),
(3, 1, 4, 317, 'solid color tops', 99, 'light blue top', 'images/tbk5.jpg', 200, '2019', 'light blue', 'cotton', '2019-03-09'),
(3, 1, 4, 318, 'Short Sleeve Top', 120, 'Short Sleeve Top', 'images/tbk13.jpg', 200, '2019', 'pink', 'Sequins', '2019-03-09'),
(3, 1, 4, 319, 'light brown top', 99, '', 'images/tbk14.jpg', 200, '2019', 'light brown', 'cotton', '2019-03-09'),
(3, 1, 4, 320, 'Green top', 120, 'Green top', 'images/tbk16.jpg', 200, '2019', 'green', 'cotton', '2019-03-09'),
(1, 1, 3, 321, 'Maxi jacket', 120, 'Wrap up in the latest coats and jackets and get out-there with your outerwearBreathe life into your new season layering with the latest coats and jackets . Supersize your silhouette in a padded jacket, stick to sporty styling with a bomber, or protect yourself from the elements in a plastic raincoat. For a more luxe layering piece, faux fur coats come in fondant shades and longline duster coats give your look an androgynous edge.', 'images/1.jpg', 200, '2018', 'dark green', 'fur', '2019-03-09'),
(1, 1, 2, 322, 'Cord Cropped Wide Leg Jean ', 100, 'Jeans are the genius wear-with-anything wardrobe itemSkinny, straight, or slim.', 'images/2.jpg', 200, '2019', 'pink', 'jeans', '2019-03-09'),
(1, 1, 3, 323, 'fur jacket', 90, 'Wrap up in the latest coats and jackets and get out-there with your outerwearBreathe life into your new season layering with the latest coats and jackets .', 'images/3.jpg', 200, '2018', 'dark green', 'fur', '2019-03-09'),
(1, 1, 2, 324, 'OVERSIZED COLLAR WOOL ', 85, 'Wrap up in the latest coats and jackets and get out-there with your outerwearBreathe life into your new season layering with the latest coats and jackets.', 'images/4.jpg', 200, '2019', 'black', 'wool', '2019-03-09'),
(1, 1, 2, 325, 'Wool Coat - BLACK', 90, 'Wrap up in the latest coats and jackets and get out-there with your outerwearBreathe life into your new season layering with the latest coats and jackets.', 'images/5.jpg', 200, '2018', 'Black and Beige', 'wool', '2019-03-09'),
(1, 1, 3, 326, 'Jacket', 80, 'Wrap up in the latest coats and jackets and get out-there with your outerwearBreathe life into your new season layering with the latest coats and jackets.', 'images/6.jpg', 198, '2018', 'mixed color', 'cotton', '2019-03-09'),
(1, 1, 3, 327, 'GREEN OVERSIZED', 79, 'Wrap up in the latest coats and jackets and get out-there with your outerwearBreathe life into your new season layering with the latest coats and jackets.', 'images/7.jpg', 200, '2018', 'green', 'metal', '2019-03-09'),
(1, 1, 2, 328, 'UTILITY LACE UP ', 200, 'Wrap up in the latest coats and jackets and get out-there with your outerwearBreathe life into your new season layering with the latest coats and jackets.', 'images/8.jpg', 200, '2018', 'green', 'fabric', '2019-03-09'),
(1, 1, 2, 329, 'WOVEN OVERSIZED BOXY ', 290, 'Wrap up in the latest coats and jackets and get out-there with your outerwearBreathe life into your new season layering with the latest coats and jackets', 'images/9.jpg', 200, '2019', 'Blue', 'fabric', '2019-03-09'),
(1, 1, 3, 330, 'Maxi jacket-Beige', 129, 'Wrap up in the latest coats and jackets and get out-there with your outerwearBreathe life into your new season layering with the latest coats and jackets', 'images/10.jpg', 200, '2019', 'Beige', 'cotton', '2019-03-09'),
(1, 1, 2, 331, 'COAT - CREAM', 92, 'Wrap up in the latest coats and jackets and get out-there with your outerwearBreathe life into your new season layering with the latest coats and jackets.', 'images/11.jpg', 200, '2018', 'Cream', 'wool', '2019-03-09'),
(1, 1, 3, 332, ' Coat -Cream', 70, 'Wrap up in the latest coats and jackets and get out-there with your outerwearBreathe life into your new season layering with the latest coats and jackets', 'images/12.jpg', 200, '2018', 'Cream', 'Velvet', '2019-03-09'),
(1, 1, 2, 333, 'long coat ', 99, 'Wrap up in the latest coats and jackets and get out-there with your outerwearBreathe life into your new season layering with the latest coats and jackets ', 'images/13.jpg', 198, '2018', 'Black', 'wool', '2019-03-09'),
(1, 1, 3, 334, 'NATALIE DOUBLE BREASTED COAT', 89, 'Wrap up in the latest coats and jackets and get out-there with your outerwearBreathe life into your new season layering with the latest coats and jackets', 'images/14.jpg', 200, '2018', 'Beige', 'fabric', '2019-03-09'),
(1, 1, 3, 335, 'MOCK HORN BUTTON  JACKET', 210, 'Wrap up in the latest coats and jackets and get out-there with your outerwearBreathe life into your new season layering with the latest coats and jackets.', 'images/15.jpg', 200, '2019', 'dark green', 'cotton', '2019-03-09'),
(1, 1, 2, 336, 'Leather Coat ', 299, 'Wrap up in the latest coats and jackets and get out-there with your outerwearBreathe life into your new season layering with the latest coats and jackets', 'images/16.jpg', 200, '2018', 'Black', 'Leather', '2019-03-09'),
(1, 1, 2, 337, 'DOUBLE BREASTED WOOL LOOK ', 310, 'Wrap up in the latest coats and jackets and get out-there with your outerwearBreathe life into your new season layering with the latest coats and jackets', 'images/17.jpg', 200, '2018', 'Black', 'wool', '2019-03-09'),
(1, 1, 3, 338, 'JACKET - WASHED BLACK', 100, 'Wrap up in the latest coats and jackets and get out-there with your outerwearBreathe life into your new season layering with the latest coats and jackets.', 'images/18.jpg', 200, '2018', 'Black', 'jeans', '2019-03-09'),
(1, 1, 2, 339, 'Velvet Coat', 90, 'Wrap up in the latest coats and jackets and get out-there with your outerwearBreathe life into your new season layering with the latest coats and jackets.', 'images/19.jpg', 200, '2018', 'Cream', 'Velvet', '2019-03-09'),
(1, 1, 3, 340, 'SHORT BELTED coat', 300, 'Wrap up in the latest coats and jackets and get out-there with your outerwearBreathe life into your new season layering with the latest coats and jackets', 'images/20.jpg', 200, '2019', 'Beige', 'fabric', '2019-03-09'),
(3, 1, 3, 341, 'MID-SEASON JACKET, 10-16 YEARS', 80, 'Product details\r\n\r\n- Mid-season\r\n\r\n- Button fastening\r\n\r\n- Length: short', 'images/c1.jpg', 200, '2018', 'pink', 'jeans', '2019-03-09'),
(3, 1, 2, 342, 'SHORT Coat', 99, 'Product details\r\n\r\n- Mid-season\r\n\r\n- Waterproof\r\n\r\n- Zip fastening\r\n\r\n- Length: short', 'images/c2.jpg', 200, '2018', 'Black', 'Leather', '2019-03-09'),
(3, 1, 3, 343, 'PARKA WITH FAUX FUR HOOD', 100, 'Product details\r\n\r\n- Winter jacket\r\n\r\n- Waterproof\r\n\r\n- Zip fastening\r\n\r\n- Hood\r\n\r\n- Length: long', 'images/c3.jpg', 200, '2019', 'dark green', 'fabric', '2019-03-09'),
(3, 1, 3, 344, 'LIGHTWEIGHT PADDED JACKET', 120, '\r\nProduct details\r\n\r\n- Mid-season\r\n\r\n- Showerproof\r\n\r\n- Zip fastening\r\n\r\n- With hood\r\n\r\n- Length: short', 'images/c4.jpg', 200, '2019', 'Red', 'Plastic', '2019-03-09'),
(3, 1, 2, 345, 'short  Coat-pink', 90, '\r\nProduct details\r\n\r\n- Mid-season\r\n\r\n- Showerproof\r\n\r\n- With hood\r\n\r\n- Length: short', 'images/c5.jpg', 200, '2019', 'pink', 'Plastic', '2019-03-09'),
(3, 1, 3, 346, 'Short Coat Black', 78, '\r\nProduct details\r\n\r\n- Mid-season\r\n\r\n- Showerproof\r\n\r\n- Zip fastening\r\n\r\n- With hood\r\n\r\n- Length: short', 'images/c6.jpg', 200, '2019', 'Black', 'Plastic', '2019-03-09'),
(3, 1, 2, 347, 'Striped Jacket Â ', 98, 'blue and white ,Striped.', 'images/c7.jpg', 200, '2019', 'mixed color', 'cotton', '2019-03-09'),
(3, 1, 3, 348, 'Belted Jacket ', 299, 'Jacket with belt , Mid length ,dark blue .', 'images/c8.jpg', 200, '2019', 'dark blue ', 'wool', '2019-03-09'),
(3, 1, 2, 349, 'JACKET - Dark blue', 250, 'mid length -dark blue -hood fur .', 'images/c10.jpg', 200, '2018', 'dark blue ', 'Plastic', '2019-03-09'),
(3, 1, 3, 350, 'mid length jacket-Cream', 50, 'mid length, Cream, hood fur .', 'images/c11.jpg', 200, '2019', 'Cream', 'wool', '2019-03-09'),
(3, 1, 2, 351, 'short Coat-jean', 230, 'Jeans Coat with fur ,10-16 years.', 'images/c12.jpg', 200, '2019', 'Blue', 'jeans', '2019-03-09'),
(3, 1, 3, 352, 'jeans jacket', 69, 'light jeans lacket,10-16 years .', 'images/c13.jpg', 200, '2018', 'light blue ', 'jeans', '2019-03-09'),
(3, 1, 3, 353, 'white jacket', 96, 'Hood-White color-short length.', 'images/c14.jpg', 200, '2019', 'White ', 'Plastic', '2019-03-09'),
(3, 1, 3, 354, 'JACKET - buffer -black', 450, 'short-black.', 'images/c15.jpg', 200, '2018', 'Black', 'Plastic', '2019-03-09'),
(3, 1, 3, 355, 'Gold jacket ', 100, 'pink white gold color ,short,10-16 years.', 'images/c16.jpg', 200, '2019', 'White', 'cotton', '2019-03-09'),
(3, 1, 2, 356, 'red Coat', 100, 'short-red-hood.', 'images/c17.jpg', 201, '2019', 'Red', 'fabric', '2019-03-09'),
(3, 1, 3, 357, 'short jacket_light blue', 349, 'light blue color ,short,10-16 years.', 'images/c18.jpg', 200, '2019', 'light blue ', 'Plastic', '2019-03-09'),
(3, 1, 3, 358, 'mid length jacket-Beige', 120, 'beige color ,mid length,10-16 years.', 'images/c19.jpg', 200, '2018', 'Beige', 'fabric', '2019-03-09'),
(3, 1, 2, 359, 'Mid jacket buffer blackk', 299, 'Black color ,mid length,10-16 years-hood fur.', 'images/c20.jpg', 200, '2019', 'Black', 'Plastic', '2019-03-09'),
(3, 1, 2, 360, 'Pink solid jacket', 200, 'pinkcolor ,mid length,10-16 years,hood .', 'images/c21.jpg', 200, '2019', 'pink', 'Plastic', '2019-03-09'),
(3, 1, 3, 361, 'short fur coat black color', 150, 'blackcolor ,short length,10-16 years.', 'images/c22.jpg', 200, '2018', 'Black', 'fur', '2019-03-09'),
(3, 1, 3, 362, 'guess jacket dark green', 180, 'dark green color ,normal length,10-16 years.', 'images/c23.jpg', 200, '2018', 'dark green', 'Plastic', '2019-03-09'),
(3, 1, 3, 363, 'Red and black jacket -BUFFER ', 400, 'Red color ,70cm length,10-16 years.', 'images/c24.jpg', 200, '2019', 'red', 'Plastic', '2019-03-09'),
(3, 1, 12, 364, 'Shirt PINK', 100, 'pinkcolor ,10-16 years.', 'images/b1.jpg', 200, '2019', 'pink', 'cotton', '2019-03-09'),
(3, 1, 12, 365, 'T-shirt pink', 50, 'pinkcolor ,10-16 years.', 'images/b2.jpg', 200, '2019', 'pink', 'cotton', '2019-03-09'),
(3, 1, 12, 366, 'Emporio armani shirt', 90, 'black color ,10-16 years.', 'images/b3.jpg', 200, '2019', 'Black', 'cotton', '2019-03-09'),
(3, 1, 12, 367, 'T-shirt_yellow', 85, 'yellow color ,10-16 years.', 'images/b4.jpg', 200, '2019', 'yellow', 'cotton', '2019-03-09'),
(3, 1, 12, 368, 'Moschino -white', 100, 'White color ,10-16 years.', 'images/b5.jpg', 200, '2019', 'White', 'cotton', '2019-03-09'),
(3, 1, 12, 369, 'T-shirtPink ', 39, 'pink color ,10-16 years.', 'images/b6.jpg', 199, '2019', 'pink', 'cotton', '2019-03-09'),
(3, 1, 12, 370, 'Polo T-shirt', 90, 'White color ,10-16 years.', 'images/b7.jpg', 200, '2018', 'White ', 'cotton', '2019-03-09'),
(3, 1, 12, 371, 'Moschino Tiger -white', 69, 'white color ,10-16 years.', 'images/b8.jpg', 200, '2019', 'White ', 'cotton', '2019-03-09'),
(3, 1, 12, 372, 'guess T-shirt pink ', 85, 'pink color ,10-16 years.', 'images/b9.jpg', 200, '2018', 'pink', 'cotton', '2019-03-09'),
(3, 1, 12, 373, 'star T-shirt ', 99, 'White and pink color ,10-16 years.', 'images/b10.jpg', 200, '2018', 'White ', 'cotton', '2019-03-09'),
(3, 1, 12, 374, 'cat T-shirt', 85, 'White color ,10-16 years.', 'images/b11.jpg', 200, '2019', 'White ', 'cotton', '2019-03-09'),
(3, 1, 12, 375, 'black Tshirt ', 90, 'black color ,10-16 years.', 'images/b12.jpg', 200, '2019', 'Black', 'cotton', '2019-03-09'),
(3, 1, 12, 376, 'plauers T-shirt', 77, 'White color ,10-16 years.', 'images/b13.jpg', 200, '2019', 'White ', 'cotton', '2019-03-09'),
(3, 1, 12, 377, 'If you like T-shirt', 85, 'Gray color ,10-16 years.', 'images/b14.jpg', 200, '2018', 'gray', 'cotton', '2019-03-09'),
(3, 1, 12, 378, 'under the sea T-shirt', 99, 'white color ,10-16 years.', 'images/b15.jpg', 200, '2019', 'White ', 'cotton', '2019-03-09'),
(3, 1, 12, 379, 'long T-shirt ', 102, 'White color ,10-16 years.', 'images/b16.jpg', 200, '2019', 'White ', 'cotton', '2019-03-09');
INSERT INTO `ssubcategory` (`typeID`, `catID`, `subcatID`, `SsubID`, `Title`, `Price`, `description`, `img`, `available_quantity`, `model`, `color`, `material`, `date`) VALUES
(3, 1, 12, 380, 'T-shirt hats ', 100, 'White color ,10-16 years.', 'images/b17.jpg', 200, '2019', 'White ', 'cotton', '2019-03-09'),
(3, 1, 12, 381, 'animal T-shirt', 69, 'orange color ,10-16 years.', 'images/b18.jpg', 200, '2019', 'orange ', 'cotton', '2019-03-09'),
(3, 1, 12, 382, 'IceCreame T-shirt', 100, 'white color ,10-16 years.', 'images/b19.jpg', 200, '2019', 'White ', 'cotton', '2019-03-09'),
(3, 1, 12, 383, 'skirt T-shirt', 100, 'white color ,10-16 years.', 'images/b20.jpg', 200, '2018', 'White ', 'cotton', '2019-03-09'),
(3, 1, 12, 384, 'T-shirt gold', 85, 'white color ,10-16 years.', 'images/b21.jpg', 200, '2019', 'White ', 'cotton', '2019-03-09'),
(3, 1, 12, 385, 'D&G T-shirt', 100, 'white color ,10-16 years.', 'images/b22.jpg', 200, '2019', 'White ', 'cotton', '2019-03-09'),
(3, 1, 12, 386, 'Rainbow T-shirt', 120, 'White color,10-16 years .', 'images/b23.jpg', 200, '2019', 'White ', 'cotton', '2019-03-09'),
(3, 1, 12, 387, 'Milano T-shirt', 90, 'Pink color,10-16 years .', 'images/b24.jpg', 200, '2018', 'pink', 'cotton', '2019-03-09'),
(1, 1, 12, 388, 'Striped T-shirt', 90, 'green striped color,women T-shirt.', 'images/w1.jpg', 200, '2019', 'green', 'cotton', '2019-03-09'),
(1, 1, 12, 389, 'flower T-shirt', 100, 'White color,women T-shirt.', 'images/w2.jpg', 200, '2019', 'White ', 'cotton', '2019-03-09'),
(1, 1, 12, 390, 'T-shirt -home ', 100, 'Black color,women T-shirt.', 'images/w3.jpg', 200, '2019', 'Black', 'cotton', '2019-03-09'),
(1, 1, 12, 391, 'T-shirt_WHITE', 85, 'White color,women T-shirt.', 'images/w4.jpg', 200, '2018', 'White ', 'cotton', '2019-03-09'),
(1, 1, 12, 392, 'T-shirt_BLACK', 85, 'Black color,women T-shirt.', 'images/w5.jpg', 200, '2019', 'Black', 'cotton', '2019-03-09'),
(1, 1, 12, 393, 'T-shirt white and yellow ', 85, 'White color,women T-shirt.', 'images/w6.jpg', 198, '2019', 'White ', 'cotton', '2019-03-09'),
(1, 1, 12, 394, 'T-shirt Striped-red', 100, 'red color,women T-shirt.', 'images/w7.jpg', 200, '2019', 'Red', 'cotton', '2019-03-09'),
(1, 1, 12, 395, 'T-shirt Striped-white', 85, 'White&black color,women T-shirt.', 'images/w8.jpg', 200, '2018', 'Black', 'cotton', '2019-03-09'),
(1, 1, 12, 396, 'T-shirt -solid -yellow', 99, 'yellow color,women T-shirt.', 'images/w9.jpg', 200, '2019', 'yellow', 'cotton', '2019-03-09'),
(1, 1, 12, 397, 'T-shirt -solid -white', 99, 'White color,women T-shirt.', 'images/w10.jpg', 200, '2018', 'White ', 'cotton', '2019-03-09'),
(1, 1, 12, 398, 'T-shirt -women flower', 85, 'White color,women T-shirt.', 'images/w11.jpg', 200, '2018', 'White ', 'cotton', '2019-03-09'),
(1, 1, 12, 399, 'betty boop T-shirt', 85, 'Red color,women T-shirt.', 'images/w12.jpg', 198, '2018', 'Red', 'cotton', '2019-03-09'),
(1, 1, 12, 400, 'desert T-shirt ', 90, 'gray color,women T-shirt.', 'images/w13.jpg', 200, '2018', 'gray', 'cotton', '2019-03-09'),
(1, 1, 12, 401, 'los angeles T-shirt', 120, 'PINK color,women T-shirt.', 'images/w14.jpg', 200, '2019', 'pink', 'cotton', '2019-03-09'),
(1, 1, 12, 402, '1978 T-shirt ', 100, 'BLACK color,women T-shirt.', 'images/w15.jpg', 200, '2019', 'Black', 'cotton', '2019-03-09'),
(1, 1, 12, 403, 'dog T-shirt ', 49, 'pink color,women T-shirt.', 'images/w16.jpg', 200, '2019', 'pink', 'cotton', '2019-03-09'),
(1, 1, 12, 404, 'long T-shirt _White Gold ', 100, 'White&old color,women T-shirt.', 'images/w17.jpg', 200, '2018', 'White ', 'cotton', '2019-03-09'),
(1, 1, 12, 405, 'Tshirt_white', 100, 'White color,women T-shirt.', 'images/w18.jpg', 200, '2019', 'White ', 'fabric', '2019-03-09'),
(1, 1, 12, 406, 'guicy74 T-shirt', 90, 'White color,women T-shirt.', 'images/w19.jpg', 200, '2019', 'White ', 'cotton', '2019-03-09'),
(1, 1, 12, 407, 'juicy T-shirt ', 120, 'White color,women T-shirt.', 'images/w20.jpg', 200, '2018', 'White ', 'cotton', '2019-03-09'),
(1, 1, 12, 408, 'T-shirt_GRAY', 160, 'gray color,women T-shirt.', 'images/w21.jpg', 200, '2019', 'gray', 'Velvet', '2019-03-09'),
(1, 1, 12, 409, 'Boxes T-shirt ', 100, 'Black color,women T-shirt.', 'images/w22.jpg', 200, '2019', 'Black', 'cotton', '2019-03-09'),
(1, 1, 12, 410, 'WhiteT-shirt ', 85, 'White color,women T-shirt.', 'images/w23.jpg', 200, '2018', 'White ', 'cotton', '2019-03-09'),
(1, 1, 12, 411, 'BlackT-shirt', 90, 'Black color,women T-shirt.', 'images/w24.jpg', 200, '2018', 'Black', 'cotton', '2019-03-09');

-- --------------------------------------------------------

--
-- Table structure for table `submitorder`
--

CREATE TABLE IF NOT EXISTS `submitorder` (
  `order_ID` varchar(225) NOT NULL,
  `paymentType` varchar(100) NOT NULL,
  `User_ID` varchar(225) NOT NULL
) ENGINE=MyISAM DEFAULT CHARSET=utf8;

--
-- Dumping data for table `submitorder`
--

INSERT INTO `submitorder` (`order_ID`, `paymentType`, `User_ID`) VALUES
('OR351523', 'Cash', 'AmaniAlhussaini'),
('OR354113', 'Cash', 'Buthina96'),
('OR642235', 'Cash', 'Ahlam'),
('OR532262', 'Cash', 'Ahlam'),
('OR515461', 'Cash', 'Ahlam'),
('OR634553', 'Cash', 'HudaD'),
('OR153665', 'Cash', 'Ebtihal899'),
('OR134154', 'Cash', 'MuniraAbdul'),
('OR663152', 'Cash', 'Ruba'),
('OR265465', 'Cash', 'Haya1415214'),
('OR631455', 'Cash', 'SaraAziz'),
('OR344414', 'Cash', 'ÙØ§ÙŠØ²Ø©'),
('OR351256', 'Cash', 'ShathaAbdulaziz'),
('OR141646', 'Cash', 'Anoud aleid'),
('', 'Cash', 'AnoudAli'),
('OR456241', 'Cash', 'Arwa '),
('OR431523', 'Cash', 'Maryam'),
('OR555545', 'Cash', 'HudaD'),
('OR115563', 'Cash', 'HudaD'),
('OR314226', 'Cash', 'HudaD'),
('OR612512', 'Cash', 'HudaD'),
('', '', ''),
('OR213546', 'Cash', 'Malakfx'),
('OR251656', 'Cash', 'Mahasakeh'),
('', '', ''),
('', '', ''),
('OR622132', 'Cash', 'Reemaziz'),
('OR535616', 'Cash', 'Hand11'),
('', '', ''),
('', '', ''),
('OR312563', 'Cash', 'Bushra'),
('OR134411', 'Cash', 'Bushra'),
('OR665653', 'Cash', 'nn22'),
('OR554516', 'Cash', 'nn22'),
('OR561612', 'Cash', 'nnn'),
('OR641642', 'Cash', 'nnn'),
('OR336611', 'Cash', 'nnn'),
('OR124424', 'Cash', 'nnn'),
('OR643443', 'Cash', 'noni'),
('OR555653', 'Cash', 'noni'),
('OR111454', 'Cash', 'norah'),
('OR642362', 'Cash', 'HudaD'),
('OR461333', 'Cash', 'HudaD'),
('OR226634', 'Cash', 'HudaD'),
('OR613245', 'Cash', 'Huda'),
('OR264533', 'Cash', 'Saa'),
('OR342645', 'Cash', 'Saa'),
('OR464122', 'Cash', 'HudaD');

-- --------------------------------------------------------

--
-- Table structure for table `sub_category`
--

CREATE TABLE IF NOT EXISTS `sub_category` (
  `subcat_id` int(30) NOT NULL AUTO_INCREMENT,
  `sub_cat` varchar(100) CHARACTER SET latin1 NOT NULL,
  PRIMARY KEY (`subcat_id`)
) ENGINE=MyISAM  DEFAULT CHARSET=utf8 AUTO_INCREMENT=19 ;

--
-- Dumping data for table `sub_category`
--

INSERT INTO `sub_category` (`subcat_id`, `sub_cat`) VALUES
(1, 'Dresses'),
(2, 'Coats'),
(3, 'Jackets'),
(4, 'Tops'),
(5, 'Skirts'),
(6, 'Sunglasses'),
(7, 'Earrings'),
(8, 'Neeklaces'),
(9, 'Rings'),
(10, 'Perfumes'),
(11, 'Bag'),
(12, 'Shirt'),
(13, 'shoes'),
(14, 'watches'),
(15, 'Scarf/Gloves'),
(16, 'Bracelet'),
(17, 'Hat'),
(18, ' Hair Accessories');

-- --------------------------------------------------------

--
-- Table structure for table `topselling`
--

CREATE TABLE IF NOT EXISTS `topselling` (
  `productName` varchar(225) NOT NULL,
  `quantity` int(11) NOT NULL,
  `color` varchar(225) NOT NULL,
  `size` varchar(225) NOT NULL
) ENGINE=MyISAM DEFAULT CHARSET=latin1;

--
-- Dumping data for table `topselling`
--

INSERT INTO `topselling` (`productName`, `quantity`, `color`, `size`) VALUES
('T-shirt white and yellow ', 1, 'White ', 'OS'),
('T-shirtPink ', 1, 'pink', 'OS'),
('TED BAKER BAG', 5, 'black', 'M'),
('Red Skirts', 1, 'red ', 'S'),
('red skirt', 1, 'red', 'XS'),
('Midi Dress Up', 2, 'black', 'M'),
('MOSCHINO BAG', 2, 'pink', 'S'),
('Pink short dress', 1, 'pink', 'XS'),
('Red Dress', 11, 'Red', 'XS'),
('Long white dress', 1, 'white', 'L'),
('MICHAEL KORS BAG', 4, 'red', 'S'),
('long dress', 1, 'red', 'S'),
('kids sunglasses', 1, 'black', 'OS'),
('lace top sleeve', 1, 'blue', 'S'),
('kids slogan scarf', 1, 'pink', 'OS'),
('kids sequin', 1, 'red', 'OS'),
('Kids 3 pack words bracelets', 1, 'Pink ', 'OS'),
('kids 6 pack flower ', 2, 'Multicolor', 'OS'),
('kids bow', 1, 'brown', 'OS'),
('kids 2 pack bow hair ', 1, 'Pink - blue', 'OS'),
('Kids 3 pack hair ties', 1, 'Multicolor', 'OS'),
('KATE SPADE BAG ', 2, 'black', 'S'),
('Jazimn pump', 2, 'Blue', '39'),
('Jackets', 2, 'pink', 'S'),
('Gray bag', 1, 'gray', 'OS'),
('FURLA BAG', 1, 'black', 'S'),
('Flat shoes', 1, 'red', '39'),
('Dark Red Skirt', 1, 'red', 'OS'),
('Dark red Dress', 4, 'Dark red', 'XS'),
('sunglasses', 1, 'brown', 'OS'),
('Striped Top', 1, 'red', 'S'),
('Dark Blue Dress', 1, 'Blue', 'L'),
('Sport watch', 1, 'silver', 'OS'),
('Cross over sandals', 1, 'pink', '37'),
('Round bar sunglasses', 1, 'Black ', 'OS'),
('Colette Pump', 3, 'green', '39'),
('Red watch ', 1, 'Red', 'OS'),
('Coco pump', 1, 'Black-Pale Pink', '35'),
('Coats', 1, 'Beige', 'L'),
('Burgundy Top\r\n', 1, 'red', 'S'),
('Black Midi Dress Up', 2, 'black', 'M'),
('Black Dress', 2, 'Black', 'M'),
('Black and pink ', 1, 'Black and pink', 'M'),
('betty boop T-shirt', 2, 'Red', 'S'),
('Black and yellow Dress', 1, 'black', 'M'),
('Bella Earrings', 3, 'golden rose', 'OS'),
('ANYA HINDMARCH BAG', 1, 'black', 'S'),
('Top', 2, 'green', 'OS'),
('Under Armour', 1, 'Pink ', 'OS'),
('wedge sandal  ', 1, 'Blue', '39'),
('White Patterned Dress', 1, 'white', 'S'),
('Yellow short dress', 2, 'yellow', 'S');

-- --------------------------------------------------------

--
-- Table structure for table `type`
--

CREATE TABLE IF NOT EXISTS `type` (
  `TypeId` int(30) NOT NULL AUTO_INCREMENT,
  `Info` varchar(50) NOT NULL,
  PRIMARY KEY (`TypeId`)
) ENGINE=MyISAM  DEFAULT CHARSET=utf8 AUTO_INCREMENT=5 ;

--
-- Dumping data for table `type`
--

INSERT INTO `type` (`TypeId`, `Info`) VALUES
(1, 'Women'),
(2, 'Men'),
(3, 'BigKids'),
(4, 'Kids');

-- --------------------------------------------------------

--
-- Table structure for table `usertable`
--

CREATE TABLE IF NOT EXISTS `usertable` (
  `User_ID` int(10) NOT NULL AUTO_INCREMENT,
  `Uname` varchar(50) NOT NULL,
  `Fname` varchar(225) NOT NULL,
  `Lname` varchar(255) NOT NULL,
  `password` varchar(50) NOT NULL,
  `RPassword` varchar(50) NOT NULL,
  `Email` varchar(50) NOT NULL,
  `Country` varchar(50) NOT NULL,
  `City` varchar(50) NOT NULL,
  `Street` varchar(50) NOT NULL,
  `House` varchar(50) NOT NULL,
  `NAddress` varchar(225) NOT NULL,
  `Phone_number` varchar(50) NOT NULL,
  PRIMARY KEY (`User_ID`)
) ENGINE=MyISAM  DEFAULT CHARSET=utf8 AUTO_INCREMENT=77 ;

--
-- Dumping data for table `usertable`
--

INSERT INTO `usertable` (`User_ID`, `Uname`, `Fname`, `Lname`, `password`, `RPassword`, `Email`, `Country`, `City`, `Street`, `House`, `NAddress`, `Phone_number`) VALUES
(18, 'HudaD', 'Huda', 'Aldawsari', '1236', '1236', 'h82012@hotmail.com', 'KSA', 'Riyadh', '333', '2', '58962', '0504695938'),
(24, 'Ahlam', 'ahlam', 'alanze ', 'ahlam@1433', 'ahlam@1433', 'ahlam543210@gmail.com', 'saudi araba', 'riadh ', '66', '200', '555551', '0501081958'),
(25, 'Mona@1404', 'Mona', 'Saleh', 'mona140421', 'mona140421', 'mona13@outlook.sa', 'Saudi', 'Riyadh', '93', '101', '12345', '+966544244188'),
(26, 'Buthina96', 'Buthina', 'Al7lwah', 'Buthina056', 'Buthina056', 'b-a-k-1428@hotmail.com', 'Saudi Arabia ', 'Riyadh ', '10', '12035', '94583', '0560238852'),
(27, 'ahod', 'ahod', 'ahod', 'Qwedsa123', 'Qwedsa123', 'jhg840@gmail.com', 'Saudi', 'Riyadh', 'stret albesharh', '1880', '188877', '+966554508842'),
(28, 'Amani', 'Amani', 'Amani', 'Amani_12345', 'Amani_12345', 'amani20314@gmail.com', 'Saudi Arabia', 'Riyadh', 'Abdulmalik Alosami', '27', '12345', '0547741762'),
(29, 'AmaniAlhussaini', 'Amani', 'Alhussaini', '12345', '12345', 'amani20314@gmail.com', 'Saudi Arabia', 'Riyadh', 'Abdulmalik Alosami', '27', '12345', '0547741762'),
(30, 'Ebtihal899', 'Ebtihal', 'Alrasheed', '0542039959', '0542039959', 'ebtihal899@gmail.com', 'Saudi Arabia ', 'Riyadh', '12345', '12345', '12345', '542039959'),
(31, 'reem', 'reem', 'reem', 'Reem8427', 'Reem8427', 'reem.abf@gmail.com', 'saudi arabia', 'riyadh', 'tanta', '10b', '12345', '0537770003'),
(32, 'l123mmo', 'lama', 'omar', 'La123456', 'La123456', 'lammo_21@hotmail.com', 'Saudi Arabia ', 'riyadh', 'Naser', '10', '11323', '0570799331'),
(33, 'MuniraAbdul', 'Munirah ', 'Abdullah ', '171427', '171427', 'Munirah.aldahash@gmail.com', 'Saudi Arabia ', 'Riyadh ', 'Othman Bin Affan Road ', '3', '13317', '+966551119133'),
(34, 'SaraAziz', 'sara', 'alzoman ', '1234567890', '1234567890', 'saraalzooman.2@gmail.com', 'Saudi Arabia', 'Riyadh', 'Anas bin malek', '22', '51134', '966554415161'),
(35, 'Ruba', 'Ruba', 'Ruba', 'rrrr8888', 'rrrr8888', 'roba.abf@gmail.com', 'Saudi arabia', 'Riyadh', 'Tanta', 'House no.10', '12345', '0535530503'),
(36, 'No', 'No', 'No', 'no', 'no', 'example@example.com', 'Saudi Arabia ', 'Riyadh', 'No', 'No', '12345', '9665555555'),
(37, 'Haya1415214', 'Haya', 'Alhussaini', 'Haya1415214', 'Haya1415214', 'haya1415214@gmail.com', 'Saudi Arabia ', 'Riyadh ', 'Skaka', '7', '12345', '966548426381'),
(38, 'Arwa0nasser', 'Arwa', 'N', 'wovmyt-xovvad-6Qibzu', 'wovmyt-xovvad-6Qibzu', 'arwa.nbk@gmail.com', 'Saudi Arabia ', 'Riyadh', '157', '122', '12345', '966506432685'),
(39, 'ÙØ§ÙŠØ²Ø©', 'ÙØ§ÙŠØ²Ø©', 'ÙØ§ÙŠØ²Ø©', '12345678900', '12345678900', 'anezi.foz@gmail.com', 'Saudi ', 'Riyadh', '11111', '111111', '111111', '0557245376'),
(40, 'Maryam', 'Maryam', 'Abdullah ', '123123123', '123123123', 'hart_12321@hotmail.com', 'Saudi Arabia ', 'Riyadh', '11', 'House 38', '12345', '+966547788825'),
(41, 'ShathaAbdulaziz', 'shatha', 'Abdulaziz', '1234567890', '1234567890', 'shacha.2008@hotmail.com', 'Saudi Arabia', 'Jeddah', 'prince nayef bin abdulaziz', '10', '99753', '966504123170'),
(42, 'Anoud aleid', 'Anoud', 'Abdullah', '1234567890', '1234567890', 'alanoudabdullah@gmail.com', 'Saudi Arabia', 'Riyadh', 'King salman ', '18', '87521', '0554411550'),
(43, 'AnoudAli', 'Anoud', 'Ali ', '1234567890', '1234567890', 'AnoudAli_11@hotmail.com', 'Saudi Arabia', 'Dammam', 'King Abdullah', '26', '87601', '0541237880'),
(44, 'zez', 'zezo', 'adss', 'Zn1234567', 'Zn1234567', 'vvhjhvsssss@gamil.com', 'saudi ', 'taif', '888', '888', '55676', '0551552263'),
(45, 'Arwa ', 'Arwa', 'Ali', 'Az123456', 'Az123456', 'roro.top11@gmail.com', 'Saudi Arabia ', 'Riyadh', 'Street 13', 'House 1', '66666', '0562525106 '),
(46, 'Abeer', 'Abeear', ' Alanze', '12345678900', '12345678900', 'GSHSY@HOTMAIL.COM', 'Saudi Arabia', 'Riadh', '99', '209', '11122', '0507245388'),
(47, 'Noura', 'Noura', 'Noura', 'Noura110011', 'Noura110011', 'nouraamflh@gmail.com', 'Saudi arabia', 'Riyadh', '67', '103', '12345', '0550003326'),
(48, 'Malakfx', 'Malak', 'Otb', '112233', '112233', 'malakshamrukh@gmail.com', 'Saudi Arabia ', 'Riyadh', 'Kadman', '6A', '1234', '0509975313'),
(49, 'Mahasakeh', 'Maha ', 'Almutairi', 'Aa123456', 'Aa123456', 'mahann@gmail.com', 'Saudi', 'Riyadh ', '9', '11', '93857', '0578829465'),
(50, 'Reemaziz', 'Reem', 'Abdulaziz ', '1234567890', '1234567890', 'Reem_12@hotmail.com', 'Saudi Arabia ', 'Jaddah ', 'King abdullh ', '20', '00761', '0554417188'),
(51, 'Hand11', 'Hand', 'Abdullh ', '1234567890', '1234567890', 'hand_00@gmail.com', 'Saudi Arabia ', 'Riyadh ', 'King fahd', '11', '13667', '0504455118'),
(52, 'Bshor', 'Bushra', 'S', 'Bbbb', 'Bbbb', 'b..eshovip@gmail.com', 'Saudi arabia', 'Riyadh', '10', '26', '6829', '0568392697'),
(53, 'Bushrra', 'Bushra', 'Sa', 'Bbbb', 'Bbbb', 'bb.eshovip@gmail.com', 'Saudi arabia', 'Riyadh', '66', '794', '7935', '0583589268'),
(54, 'Bushrra', 'Bushra', 'Sa', 'Bbbb', 'Bbbb', 'bb.eshovip@gmail.com', 'Saudi arabia', 'Riyadh', '66', '794', '7935', '0583589268'),
(55, 'Bushhra', 'Bushhra', 'B', 'Bbbb', 'Bbbb', 'bbb.eshovip@gmail.com', 'Saudi arabia', 'Riyadh', '79', '68', '89369', '0578365829'),
(56, 'bushraa', 'Bushra', 'Saa', 'Bbbb', 'Bbbb', 'b.eshovipp@hotmail.com', 'Saudi Arabia ', 'Riyadh', '6556', '894', '94634', '0577276495'),
(57, 'bushra', 'bushra', 'bushraa', 'Bbbb', 'Bbbb', 'b.eshooovip@gmail.com', 'Saudi Arabia', 'Riyadh', '936', '946', '84529', '0594648575'),
(58, 'buushra', 'Bushra', 'b', 'Bbbb', 'Bbbb', 'bb.eeshovip@gmail.com', 'saudiArabia', 'Riyadh', '96', '86', '94753', '0585478494'),
(59, 'maha11', 'maha', 'Ali ', '1234567890', '1234567890', 'mahaali@hotmail.com', 'Saudi Arabia', 'Jeddah', 'Anas bin malek', '18', '98561', '0553311789'),
(60, 'nn22', 'noha', 'al', 'q1w2e3', 'q1w2e3', 'nohasaud2@gmail.com', 'saudi arabia', 'riyadh', '11', '3', '123', '1234567890'),
(61, 'nnn', 'nn', 'aa', 'nnaa', 'nnaa', 'nohasaud2@gmail.com', 'saudi arabia', 'riyadh', '11', '3', '123', '1234567890'),
(62, 'nnn', 'nnn', 'aaa', '12345', '12345', 'nohasaud2@gmail.com', 'saudi arabia', 'riyadh', '11', '3', '123', '1234567890'),
(63, 'noni', 'noni', 'il', '123', '123', 'nohasaud2@gmail.com', 'saudi arabia', 'riyadh', '11', '3', '123', '1234567890'),
(64, 'norah', 'noha', 'aa', 'q1w2e3', 'q1w2e3', 'nohasaud2@gmail.com', 'saudi arabia', 'riyadh', '11', '3', '123', '1234567890'),
(65, 'Huda', 'Huda', 'Dulaym', 'hd6991', 'hd6991', 'hd82012@gmail.com', 'Saudi Arabia', 'Riyadh', '100', 'No 53', '25896', '0504695938'),
(66, 'HudaDawsari', 'Huda', 'Aldawsari', '6991', '6991', 'hd82012@hotmail.com', 'KSA', 'Riyadh', '125', 'No 36', '58741', '0530147896'),
(67, 'Saa', 'Saa', 'Sa', 'B098', 'B098', 'vj435001966@gmail.com', 'Saudi Arabia ', 'Riyadh', '3', '5', '42563', '0577276455'),
(75, 'AmaniAlhussaini', 'Amani', 'Alhussaini', '12345', '12345', 'SaraAhmed@gmail.com', 'Saudi Arabia', 'Riyadh', 'Olaya', '27', '12345', '0547741762'),
(74, 'AmaniAlhussaini', 'Amani', 'Alhussaini', '12345', '12345', 'amani203142@gmail.com', 'Saudi Arabia', 'Riyadh', 'Olaya', '27', '12345', '0547741762');

-- --------------------------------------------------------

--
-- Table structure for table `views`
--

CREATE TABLE IF NOT EXISTS `views` (
  `User_ID` varchar(100) NOT NULL,
  `Ssub_ID` int(30) NOT NULL,
  `date` date NOT NULL
) ENGINE=MyISAM DEFAULT CHARSET=latin1;

--
-- Dumping data for table `views`
--

INSERT INTO `views` (`User_ID`, `Ssub_ID`, `date`) VALUES
('HudaD', 291, '2019-03-25'),
('HudaD', 30, '2019-03-25'),
('HudaD', 110, '2019-03-25'),
('unknownCustomer', 257, '2019-03-29'),
('HudaD', 315, '2019-03-25'),
('Huda', 53, '2019-03-24'),
('Huda', 190, '2019-03-24'),
('Huda', 10, '2019-03-24'),
('HudaD', 52, '2019-03-25'),
('Huda', 228, '2019-03-25'),
('Huda', 291, '2019-03-25'),
('Huda', 22, '2019-03-25'),
('Huda', 268, '2019-03-25'),
('Huda', 333, '2019-03-25'),
('Huda', 12, '2019-03-25'),
('unknownCustomer', 127, '2019-03-26'),
('unknownCustomer', 20, '2019-03-29'),
('Saa', 7, '2019-03-29'),
('unknownCustomer', 155, '2019-03-29'),
('unknownCustomer', 46, '2019-03-29'),
('unknownCustomer', 189, '2019-03-29'),
('unknownCustomer', 189, '2019-03-29'),
('unknownCustomer', 356, '2019-03-29'),
('unknownCustomer', 119, '2019-03-29'),
('HudaD', 90, '2019-03-30'),
('HudaD', 259, '2019-03-30'),
('HudaD', 278, '2019-03-30'),
('HudaD', 278, '2019-03-30'),
('HudaD', 333, '2019-03-30');

/*!40101 SET CHARACTER_SET_CLIENT=@OLD_CHARACTER_SET_CLIENT */;
/*!40101 SET CHARACTER_SET_RESULTS=@OLD_CHARACTER_SET_RESULTS */;
/*!40101 SET COLLATION_CONNECTION=@OLD_COLLATION_CONNECTION */;
